Title,Link
England’s medical chief ‘backed Scottish doctor who broke lockdown rules’ - The Telegraph,https://news.google.com/rss/articles/CBMingFBVV95cUxPYjJMcGJCSGdaRVRleFU4Vi1PT04yajdhVWlObERycWJyNDJSd2pVZ1otaVRHYmphckc1ekIwS0VOeENyZEFlbzY2QWMzNlhBaHB6Q3MxVnRoLUZkaExWdW5zbzZPaHpkRk9nT0NSdmZpQVQ3Q0N2RlJlbnlCb251a3lmR1VfcjFhQzd1aTdscllOTEFqYWdnekNsRjhrUQ?oc=5
Wirral man sets up luxury hamper business during lockdown - Wirral Globe,https://news.google.com/rss/articles/CBMilgFBVV95cUxOU3I2M2NUTXZoRlYwaFNIY2M2RGVLUHFnWXdHMUlnaTlMNVhjT1ZiRE0yLVl1RUtpWjQ0WUdReGNzSzhSbC0xRXJwSW05aVc3ZEpzdmlPTmRsX0ZkWFRyTjFtZ0Rhem91X3ducXcyWGFwUG1YaElhbHJaMW9LNVZ6NkpkbXRQcmVTZTN4MjhyX2M2V1VVN0E?oc=5
Widow slams ‘betrayal’ of top UK Covid officials who urged Catherine Calderwood not to quit over lockdown b... - The Scottish Sun,https://news.google.com/rss/articles/CBMirAFBVV95cUxNdXQ5OWdoYzJ0eHRFQnY0VGJESVFsS1IyV0h4UU9nVDN3Zk1kbzVVX0ZoZTc5S1o0M2xrQU4wb0tDMDBMd1huUllLOEhySlctRzFCZTNGWS1LWUxNS2FlYlhFZU5tMXRaa2h3MzljXzRUaDMwTUtmR3JUelRpWkthRFFlbHpYUC14UGZVVFMzSGRQNkYtb1dzSGFHdTlwWnZHa2VuZ2dLOG9FcEh20gGyAUFVX3lxTE90YmcyQndpS3FvNkJLX1BnQUZCeFRBVkJUeHN0Sm5MTl9DY1FNNFVLNGtITnVtZUlLd1dMSnhaN0NXVjJhOHZSalhOSllrYU9hQ2ZlTzVXR0dfWEpzVmJFMHJuMVljbDlmckd6b3RuYWF1eG05OUlpUExRQ2c1OFpoY19wNjRQVDFZeGVaVG41endIcmZIMTF2M21UemdxdmFJMkpQMzQwRUswdTNCVF9uT3c?oc=5
Lockdowns and school closures are slammed in bombshell report into Australia's Covid response - Daily Mail,https://news.google.com/rss/articles/CBMiywFBVV95cUxPV2JaUGdZT1dDV2NhVjQ0Tmh6bmtlcXRyUDJoc1lHNUR3cWQ2UDUzS1o3M1FBOHpjdFhqV29jb1NsNDJCU1pSVExXX3FsMjY4R1N4QXhGNGZsNkJ6S1R5bHYxbTd0WUZCRmRIdU9xS0xtcXQtWGQ0Z053eUJQb1plTE5pQ1o0cmx6RUU4SmIyYUg0ekVHWkwxdUkxNGtQa3R4b1pUWERwMUFOcmpoQVVJTHc1Qldrb3drdjN4Z2ZwMXpzb0ZnZVUycEhqY9IB0AFBVV95cUxPRlRFakw1WkFmclVPRHBwN0xhVW1NaU14bjREQTBDcU5qVkdlQ05MR2tIYy1zY0NiaWpreXQ0Y20tY05zZUxvdzcyTmtKVDJkeWczT1R4OFQ0LW4tXzJvTGtVVUtidGM3VExYMWZVcXdHb2NIZElkSjkwS1EtRVdhX2hSalR1Uk9qanBxZXZjdmk2c2xha1BnN3ZjTlJaaVJEUWRQc0Z4NnJKVHVwUldiajBwUWVsS25yeFFaQjZxbVp0TW4wQzFNanVsa3JHV3U0?oc=5
Boris Johnson denies mocking public with claim they 'avidly craved' lockdown rules - Sky News,https://news.google.com/rss/articles/CBMirwFBVV95cUxOT1hMV3hJbEZrd0J0X2tTSDNwU1ZtZVZjRktuWU9WZ1JCWTRNTHl1T2w1NFpGU1BQV2pmY2hWZ3pfSUpLTGNhRmt6aVhFaDFlYnktb203aUxkVDRacG1zLWxpd1A4VUFpU09oUjVfYkFfdDVJRUZ5cnlrdGx6emlYS0xtbFVUU0NSU0hkVjdtcm5CUVNBdlhzaWlsNy1lRGVsNEl5SlRza1VEM1FVZ21N0gG0AUFVX3lxTE9IY3RLVnptLUFBLUd3amQxcmh6NnBOMmpYUVAtUU9EVlpEVzFpMFF5RjZhWlBoRGZYUWJrMzlZdWVkUERyd0pFVElHcU9oc1Q5T1JfcDk3ZjBNaVNJZVNjSFEwZHlxZGJWeExsNmxXMklncm9PV3NKandfUTNxWmhyWVVGZ1lTU0ltWllSamp0VV9rZUxPWnVEbFQ4Qm5fVWVZc2lGUjlwWmoxbl9WdS1fZXBjTQ?oc=5
Passengers 'suffering from deadly virus with no cure' spark lockdown of rail station - Metro.co.uk,https://news.google.com/rss/articles/CBMirwFBVV95cUxOeE9PUmtudDhDNkszR1d2MnR4SGRidWY5RWowOS1XQm0xOEpLMzNub0h5eVlJYm5tODROa214QUtHc2owN3E5SEJ2SnhSZktBODhfY2RYMVdfNzJWNGlIZTEzZnR0cG5FekZVaGh3bjNZelJmbHE1cTNkVTEwTklqXzNtR0pnd3lfNWUyVWQxVkY5aVBKWWhKTWlhQXhQX1RsdUp3NzF4RkV3eVc2djNF0gG0AUFVX3lxTFBobXRyTHpkOEFnREhfTXkwbVRZM2lsZUVXMXFSdHRLa2FLV3VFaUwybW1McTg4VElwWWk1bVpLMUo0cHBnam95cWZrLThwb21lTnlacWpSN2ZJc3pEVE1iaU9EaF9xa01SSUlvdFhobl82Z0FweWNMOXoxbEIxQWQ1NkdjMzFscFYwWFNxR2FlcklXNFZqOHE1aHJFN3htR2J0dGo3aHA5czhTOXJkekoxSjIzZw?oc=5
Hurricane Milton: British family in hotel lockdown in Florida - BBC.com,https://news.google.com/rss/articles/CBMiWkFVX3lxTE1Hb0EtUElkelBzZms5TDQ3QTlaSTJiU0JfbzEtdndUNDJnVUNIN3FHdVhDU3lmNWJfR3lHbEFtUU5rN0l5YUhLdGF3ZG5KaFZRaldlZ0lGYWVCUdIBX0FVX3lxTE4yRV9xMk9CUlZFbUpLVzAxVWtYcnNkczZkMEZCREFTOTBmU0lURHNvcEJhU3BGVmZUSVlqWkY2QW8zeXJqa1NvTl8tR0dFZUIzaTMwckR1X2lXeF9FRDJn?oc=5
Hurricane Milton latest: Storm surge could be 'worse than Katrina' - Daily Mail,https://news.google.com/rss/articles/CBMilwFBVV95cUxOZENCSjdrRTJCd294ZnhDeDJXaVhBUWpHdlNuVWZ4Ylhickhva2wtMVNJVC1tT0dzNG03cS1zMjZaSUh6cUlqX21TQWdjSWZrZ3Q2S2xISzB5RDNpaDBXeWNMX0VNS2JwMHRHSzBNb1pqY1Q5enZDRlQ0RzBzQkVRa0owQUpJR3BTSTVHWTBmUGtXcDAzcUhN?oc=5
"Man, 34, who contacted GP SIX times during Covid lockdown before he got face-to-face appointment died of cance - Daily Mail",https://news.google.com/rss/articles/CBMilwJBVV95cUxPVFFNTF9RQ1pTa3ZsNG9HTnVtaTNfLXJuMm1QNTJZU0dIc19qWi0waVNqSE5iRE5ja3p6akhBVWgzX2Q2ZlBCSXBoSEFKUlU1dzZGT2xHVE4xaVJ6ZkdGWkJsdFY4MG1kck5ZSGFJNS1MaEZRYThxQTBwZGF6YmNWTzlHQW45Z2RsdHcwTFQxWU5GRG1oOUU4R3N2cEZYb1U1aTBHaDcwaElpbExwVGYtV2dfTjJtUWdUNDNHM0ZLVk4xbjB5NGdrSUU4SXV1WFVPa25NT1d1YldkWkdKR1BBRWFUeWllckZtNHlrazUxNGVQV3lLdTB6OWs3UGowMzRXd25TTjNBZVg2SHZ5SHVCNUVpSFRqUDTSAZwCQVVfeXFMUEJKcEVabkZ1b3JyOXlGN3RBQmE1b1A4Wml6bFNEbHNJNm04ZlY5NGpIQ2d4c2ZlNklFT05zTE1rektUaVZWR3hna3NLNWJYNXR6V1hLUGpGUEhTWXNOZlZDeXVDVDlmaWRkRmpYYVA5bTlkVjhUR29uRUppeE01b3o4cF9vb19aN0oyUC01a2tuMjlKaUEtaUJ2R2hSM3p5TDhZdDB6UWJVUDVwN2p5YWdWRUV5TTB5dnpGbWN0OFJRVDMzNkFfTFFlMkZUdENWZWdaaUQyaUZMT1FHRHpXWnBDcTNueGwwaHN1RHRRaEpwanBKc0doTk5GMUh1RmdDamE1TDhDd3lJUFYyR3luVEVWWW1zSFVJcTRDREE?oc=5
Atlanta Four Seasons staff reveal what caused shooter to open fire from midtown hotel balcony as bloodied susp - Daily Mail,https://news.google.com/rss/articles/CBMiqwFBVV95cUxQdTZwZUJyX3JMZlpub1dodTdUT2t3UnZvcGRNb0ROcngwUHZFaU9PNjEzcjBMeGNuSXdHbTNOUFk4Z3N3VVlJMzI5b0tiLXVNdmFodmdOZ1N4QjVidm1aVVZPdXFvUUVnZUExRjNJWmw2d2pXa2Q1WkQxRjRKTGNEZU11QW5sSWw5cmNhekZGNkZFZ3dUemVyd21hM0JOTndXaGZOYXhDYWRibkXSAbABQVVfeXFMTnFuWXZzRlNrZktCdkMzWV9vNk1DLWdMdW9HTVZVTkRfRUNWbjlOZ3h2VjNlV1Z2bXdOWmFvM2F0NTBaX0ZXS2pCOVUyYjhuV2dzeVNwcmI5cHFPSkJaS25rOE5RVGhqRnA0aHd4VjV2NVdKZWFjSFBNbG1MMm44NWNZNFJDM1p6U3doTUlOZmFKU3RmUWFmbXRtdUdZZkJra09xdXFYZldoYjV4ZXktOTA?oc=5
Broughton High School goes on Code Red lockdown due to report of suspicious person - ABC11 Raleigh-Durham,https://news.google.com/rss/articles/CBMiqgFBVV95cUxOZlBxSWlWVVBuRVFOT1RGQkxhc1AwMzJPOUd5UWFQYjdjUm1UWExGbTUxYTZYdzhycFNsaTZWSG1Wam5JODNCWGlnUmlPQzhucDVRQUd2dEozZTl6UHZ1TEtYelUycEI1MDloeGpFT0dMR3pzbDlwNlJwNkdub2lqMkppNkxQMHVNRnVMeFBrV3FXOUN0YjJTUjBnYlA4ek1XX2tNNjMyWmVEQdIBrwFBVV95cUxQOVNWeG9tU05RWkRhNjVWNm9Lc0RXOUxDZjlHNVlyVlJHVXVhNDNHQlg2bS1VOEF6cGdUOVoydGUtdzFWYlhPS0pfcHllQVJseXNSZDJFOVNNQ1owMXM4R09YVGpDZTVIMkVNUzVsVnlTLWVrbVd1eW1hVF9fc0JNYlJZNGZDVzBNQndJR1NVN01EdU82UTFYblVJQ1Y5Qk5VdVA0NGJDRHJPbXVzSTlB?oc=5
Bracknell pair jailed over dealing cocaine and MDMA during Covid lockdown - Reading Chronicle,https://news.google.com/rss/articles/CBMimAFBVV95cUxOTEdWZ1RRTlhobmpPQTB1eVVvZVFucmZJeWlOWEYyNVF0WjFVenEzT0syWlpCemlUTnJPSjFOejBWVTBnLUtTaHhCOVFSQ3QtRmEtUGY3aFlPUjBsRVFPOThXTDVTdVh0NGZ6X1ZoZHlpcWFvSm5aM0dmM2Z3S2gxb0ZtdmxVb0w4dTJJQUxkVmxpUktZaERCTA?oc=5
Catherine Calderwood's 'ride it out' WhatsApp message revealed at height of Covid lockdown - The Scotsman,https://news.google.com/rss/articles/CBMivwFBVV95cUxQbmRQTW5oeWVRdXdtdTFkX2ZjSmNINmplMDhZLVN4NjczTjdGVzFDZjQwLU12d01KdHFvT1FXTnBycjZ3QVVfdEhtam0xUzZVeURpY2lEckVVVk5GVXVxeG9ocWVXYnZUX0pTUDJCSVphbmlLel91QmtMcXQxMmJDbzRtZXF6cGViNndEZUsxSFRsSjFiOGpndHhkWEFMUEhfbmNxb1FLYlBsZVpzRWVBcldGTy04NEpNVG9Nd3hRWQ?oc=5
Birmingham Airport lockdown lifted as full statement issued - Coventry Live,https://news.google.com/rss/articles/CBMiowFBVV95cUxNTWNlVW5ITmlIaHJ2blZoaUdjQXJiRzZ1SG0wbHA0OTA5eEdjVFpKdkxGR2gxdkc5d2VCck54Q2hlLXZnbDhPeUhBenpXNTA1Wml6cTNNU3dvSDlSdEliSmp4aUJCRnBzZEs5U3pFMjlwVDB0c2FiZnNVdklKVVYtV0pJUEZONXRKeVItRi0tcDAwSG9vUzRrX1NxdlY3b0pFVjVF0gGoAUFVX3lxTE40Uk1qSGRBNVJyQ3BCNzQ3R0d0eHBrT3JKN2Zsd2F0ek9FTjA1YXZnTG5kS3lIRGY0aDNTVjY2cDU0RTRXMXJOdjBBWWZrM2NsMEVfWUVZUW9pOFVUNDhpcnhrS2VTLXFKWnFVRm1kQzl2WXJwMmRBdXEwUy1Edmd3TllsRDZNWUtLSmFqUG0wdDRkRFZnUV9QSzEtcmtKSll3ZlBYdjJ3SQ?oc=5
Calderwood messages reveal ‘attempt to ride out’ lockdown breach - The Times,https://news.google.com/rss/articles/CBMitgFBVV95cUxOQUFHUlVqa1JubW5TUVUybG42Y2o4eVlBaXpYUVRaQTg2am9nU2ZhR1dHUzdzSzl4TkVxSlpSQktXcVpSS1FQN3VNcWlMTi1OdkxXOXdQRXlyVjZWQkxtcmRVV0xCYmdjbnRpbXA4Yk1nQ2VYYVVseUFTU0Y0T3AyeG9wX1lIdW00R2tCNU82MlZQV2hUR2xIZzk0eVJlc2N2M05zckdkVzlPVDRxS1JqLW5wczRQdw?oc=5
"Lockdown generation consigned to the ‘scrapheap’ will get life-changing support into work, vows Minister - GOV.UK",https://news.google.com/rss/articles/CBMi1gFBVV95cUxOTWNnZF8yWHQ2cnRZdW1VQUJMNUg5dkpQNmZxYVpmLXp3ZndBVGJVUXVPQXhBU2lubGtTcW93MWdoWU5SZ2djYU5FQUJtWjVsaF84UUc0OUJXUHQzWFJ4ZWFoeDhyWE8wM3lQMkRQTWw3d3R1QkpVRllBU0lVd0pUZURFMFBnbUItNFV5RE52WXVOSWlMV2dDMF8yNG5GTWNMNDBnMW5GWGN5RWw0OC11Nkg5dXFjMERMMGhfUUxrYzQ5QzEtT21CLWw4NFBkZUJFcGttTkNB?oc=5
Coatsworth claims vindication over pandemic lockdown warnings as Sutton admits mistakes - Sydney Morning Herald,https://news.google.com/rss/articles/CBMi4gFBVV95cUxNX0hQLS1JUENtbzRueXppZ0s5ZjlEMnlBUzc4YXF0bjc0YlV4bnplcG5xa3VES2N2X3UyY0VoV1BvVmFBUUdnMnZUY2hza2ZjWF85eHVoQV8zMDRJVTY4cW9mTThXVHVrZHRvWHhFTFZ5ZDlQLUlRQjE3cHl3bW1MOW8wblV3VlV2STZlbWpVRDRORGlidlktWnJEakxNcmMtcVZWekZxV1pYQUZCN1dWQjRpU0dXdkFacjRfX2dhSXZRV0Z1SUI0bzd2SE9qVzI2X2hVOGo4ZTZCQlJoWTVYRTRR?oc=5
"Oxford High School placed on lockdown after 'swatting' call from Netherlands, officials say - WXYZ 7 Action News Detroit",https://news.google.com/rss/articles/CBMitAFBVV95cUxOZTQ0ak5WY2M5SGR1a0V3aEV0M2N5X0FBSkFfOUVFcGtxUnRncmU1OUNuaW1xRXRXazVmajNZaTdCM2tIT3MyRkpjcEpVSEd5OEtaVk1iLUQ5QjBoaVdtREY2NjJlcmw4T3Zlc3BvYVd4UFNnVzkxQVc4STNSSnhFVXZ5YUJ0NGtuSm5hSzRxR21KSk50cHNyQkQta1NSdVp5Sl9XNnAySVlMaDBBZlZCY3lmZlM?oc=5
Broughton High on Code Red lockdown a day after student found with a gun off campus - Yahoo News Canada,https://news.google.com/rss/articles/CBMifkFVX3lxTE5hUlpYRUF1dlFScU45SWJJM3N3NFg2VFhkUFZOZEZURnFhaUpzZndaSklQUW1IX2k3MmR5dDFESTVjQ3ZjY1BMaGkxWDQ0QmVfTDVuOUNYVGk2ejJBRWV2VFAyZTJSeXo1b1RfbWk0a29Pd1g2cXVieHRaOElYUQ?oc=5
Week 8 Lockdown Report: The NFL's best defenders at preventing separation in coverage - Pro Football Focus,https://news.google.com/rss/articles/CBMiYEFVX3lxTE9YNjVrS3NDeHZMbVhkaDRPOGppZ3ZhY1d0R0FKLUtIOG9UNWNNNGJOd0lyX2NBT1M5Ti1xZmJuS3VtLV82SkhYS2VReVk4c2V4OHNueWttX2R3aEpPLXd1eQ?oc=5
"Lockdown babies at risk of being failed by NHS, watchdog report warns - The Telegraph",https://news.google.com/rss/articles/CBMiogFBVV95cUxQemNrNndKdDhFX2FGRER1WVRZbmpuakxEY3lDRlV3b1BQLVU1QkM1MlVzZnVKSDJwRTg4Y05RQ1hnYkxUaEx2cmI3d2lvbVNiVENacGJxalNiZ0pyX053TEh3ZEdvZU5GNXRBbkVWU2kyYkY4Y2I2cVA1WnE3NHFqSGVJektjVFk5ZGNaeE40alZ6TlBheHZqTXFWbThSaVBjWXc?oc=5
Top health officials lovebombed disgraced Catherine Calderwood with gushing tributes after she quit over... - The Scottish Sun,https://news.google.com/rss/articles/CBMioAFBVV95cUxPYmYwOTJmcEEyUENjZnpLTjFIcEJlRTBobjZWV2p5eEpqWmVHMmEyMTRCSmIxNjdlcERoSEtBMVh0cENXLUhIUzNBVERHX0VMUTl4ekplcmp2bGlySU12TV9zRVBEWlJIN2x4ZlFOczRvbVRyOUh5a05EWnRsYThzZHNCa3FkUGgzN3RGTGJnZDFwaFY2cVd0ajB4S05XODhl0gGmAUFVX3lxTFB6bXFvU3hUY3VaT1Uya2xZQTc4N3laXzVLNU5yeEx2bHZJWHBhVWZPTk1jYzNNRlFSOUpDcWowSGM4ejBXYjk5OTBCSXhoSUxScExVU2ZLQXloQ2Z6dzY1Sng3ZnRYTzFfUTJHTDhYb2RLeGI4c0tjRzFZbzF3c1RhclJLYlBFd0NnZV9tSmZUSl9BR05rbS1CVHNlNzctVmxRd2V5c0E?oc=5
These four heartbreaking words show why we must never do lockdown again - The Telegraph,https://news.google.com/rss/articles/CBMipAFBVV95cUxOdndHbGFKVmNnLUZFZHVvcWRMVFZlRHdPNHFoeTlfV2VfbUNRNUJYNHByWndCS2E0ZlNObF9qMk5CQjVySU5EQ29xQVF4c3NqanFoeXl4U01MQmRvNF9HTDFTcjg1SVZWejBGNVVuRnoxMGJKb0RTYzRKNlRMRHBmNVI5TC13ZDJSOTRQdjlIeDNDZlVMa2xBM2ZMb25Fb3BIX0FDVA?oc=5
Sir Chris Whitty is accused of 'obscene hypocrisy' after supporting top doctor who breached Covid lockdown whe - Daily Mail,https://news.google.com/rss/articles/CBMipgFBVV95cUxQUVlXV1dCN0dLMVdvQVptWkEyc0hNZHE4TDdVTGFCRTJDT3hmX1Z1c1ZpNV9fUmJrcWVIVVdJdmo2OTFTNXlqcWFPSmtlQWtod0JCSk5lYm9zSThqcjFFTjNlVmxERmt0MDYwOEs0UV9nTTBldXYwY19pN0R2Zld4SnZxSFNrcFNUN3BEOFFaMEdId0J1LWs3V3BjSDllYkhjWEo1cEF30gGrAUFVX3lxTE4yMFRFY1R5RGVZLTBiNmxGNDNGLURrdGZ2ZnBuUUhzQkNqMUJrU3dqdm1DbzR5THhpQkt4dU9jakJyUXFxLTczT0N4a1NiRmtTRGZtb0MxTXFsaWdaNlQ0VXl6dWpOaEp4aWtabGxUSml0YzdualBudFBMOC1NMi1yeFBZUmloNkVKZkRrTlhQVTF0YlV2aW1vYnB3SWotR0l1RDR3TmZIU2JIOA?oc=5
PGA Tour pro makes outrageous Hideki Matsuyama revelation during COVID lockdown - Golfmagic.com,https://news.google.com/rss/articles/CBMiuwFBVV95cUxNT2ViWlIzaWJmbU1tYTM5WFJ6cVcwSmVuQkxkTWhwMXplaFlEN3NRdU5hY0JQalFSR2VGbm5hRkQxRll6Nzg5WFR2TTZJSC1zNWlzMlJJQWcwNTluUmY0b3VLMG5aalk3Z0xoRkYxZGoycy05WjhoSzB1QzJxcjlSb3NnZVZ2ZFVnWWUwSWtmZ1QzY29haFlpd2RKM0RkcVR0blI4VTQ1Z0V3cUJaQWxOSDd1TUFEeHBDUWk4?oc=5
University of Bridgeport on lockdown after reports of shots fired in dining hall; 1 person injured - ABC7 New York,https://news.google.com/rss/articles/CBMiuwFBVV95cUxOMnZYQkxZM1hzaDhPb1VHeFM2SWNDMG1vdXRqcU5PRmVqOGtfcnFfMmdNV0diR2Q4LU9COTY2ZnZUX0U3UmxfTjg2a0RHYWFfSUNoekdYdGlIRkF4Zkdad3FBWDJyY3hMVDdXMDMtRXkyUDR5VnJ6LTNYSFQteU1mOTVfdHBIT1FWVWVWYVBxcE9uaFhJenB6b3oxTmRQSkJDWlVNaEF6WXNZelI0c2Uyenc5MVdxSG1CLTBJ0gHAAUFVX3lxTE9VZ0VoU2l4dlhVZ1ZMMHgtVGVZZk9GbUpleEt5TkZ2RzVOLXZreGh2dDR0V193emhtS2M4VVBFTjhiVnozWVZhY0laWGlYa19RYWdwTmpERDlLS001T3NldTM1OWpTRDd0UWgyRWM3clFVUTBYZVFQd3ZseTU2WlN3S1hlTUthSFJhX0hBdWlneVEtV0QybTVVNUJXWnctc0lfNWlHaDNEX0p5TDBYRElpcjMtMVJXXzlFc3VfLVZpbg?oc=5
"Code red lockdown at Broughton High ends, police find no weapon on campus - WRAL News",https://news.google.com/rss/articles/CBMirgFBVV95cUxOWndPSVFFd09HeGF5Y0hUTndfUjBtSThlMVVNOXlnUEVYWF9nTEd0bGlWVWU1SXVUTFFrRDJrOEVCYjVXMTFrVDNmMER5ejdHTVUyN1lybTIwd0VuRGtYejloamVzNmVXYmtNd2NVakRhUmNtUnlpdHEwVU1FZVp4X01fVXdEYVluLTVWYlF5VGpseExQclpqWmVhUm1lOG5QZlgyU25rRktTeUZraEHSAUpBVV95cUxOOG9OaFdJR1dQaUxuN3hsWnNPTllDeU1zUWdoNE5HME9XUjc5R0hoNkJrUlJ0NEhSRmdlVGNBYzMzdGFnYl9YNGRxZw?oc=5
"Oxford High School placed on lockdown due to ""swatting"" call from Europe - CBS News",https://news.google.com/rss/articles/CBMikwFBVV95cUxOM3ZndmpCUnhGbEFrNzdxcmRkTjBxVGdfZjFxOEJ0LXpNblJzamZjc0FlSUpjLTJwTTRSa1UwUmdrZ3Z4MGEtUm5rQlcwVV9fVGY3UXFnbFNKRko0YUR0RW1OV043a3VDcVpjRFpXX0tVSDZKYU0zcF9WYUhtWUhTa3ROdHE0MEN5MWVXWTRHRVhDR03SAZgBQVVfeXFMTVdTdXMtdkZ4UDlPclhJV3NGWF9lbXJ6d3dYX2JibDBWY05pcjhmMHhQeS1KbGlsYXJvbFRHTnd2cGpHYlM1Z0hKS1FTQVBxelNpVnVRemRyeDA0a2dGTlBkTXhDdE1zT2ZjZWt1SkNvRzNoazJXcUdPT29UN3ozUFBCV3pzR2NISWxPQkVWRk5BY1o0bEV2Q1o?oc=5
Threezero Unveils Transformers: Age of Extinction DLX Lockdown Figure - Bleeding Cool News,https://news.google.com/rss/articles/CBMiqwFBVV95cUxOTXk2TW56UVIxQVBtRnBlY3ZoeHZGOHNRNmg5Uk02eWVnX1J1cFdYMHoxcXFWZExmenIxUFNSeWoxcngwcjFzMWNES3I0aTZBU2dPRVY2TE9Wazc2Y205VFNWU1ZzQmtPdGQ2RElPX2pkS21oNWZvMm0zRGNoa0hJTVI5N1lVRjVLVHNsLUZEbFlGTEc4WFBGZE82cXMtcndFaEJReS1sdVlPZ0E?oc=5
‘They’re about two years behind’: fears for children born during lockdown as they start at school - The Guardian,https://news.google.com/rss/articles/CBMipgFBVV95cUxPU1ZuSWowTjlMUDN5c0ZQeFUxenFfMndZUXFjaWdtOURxaTRMUW5NS0s2aUY3OHZZdFFnNU9DYmlqZTgwdm4xOUhZb184YmcwQi16SmFWRlJZV0F6WUxpYU9CaUhxcXFUTG5vMGlBX0NsTHhLcmNrVjd4OW51dFZmQTdxX2toMjZaQ2ZwUHZjcWlZVXJ5UXFoTC1BVHRTVmZTQUtPV2h30gGmAUFVX3lxTE5WSXl1dGxwczdjMzJfam11ajMxOW5QdnNkTkRuQkxxamlmRXhJeDVveGZZQUEwRnM4MDZoWHBLR2ZRdWJIdFNGeWZoZ2ZYcjZuQXBsNFZHWklxQ01LMzE1MHA0eVIxMEk1ZTRKdFlTX3RnX2JISS1vZm1ZamxndzhtZlZ2UUdDeFBnelJ2eGIzb2NMZHhMN1Fybm0xa2JSR211THFxLVE?oc=5
Overland Park police: Swatting call at elementary school causes temporary lockdown Tuesday - KSHB 41 Kansas City News,https://news.google.com/rss/articles/CBMivgFBVV95cUxOQS1kVlFlQWhfOUFfQnRud3hJOVAwUjdROWZYNWcyWXlvMjlaRGMwSmpXMVM4ejN0VUg1MW9WWTdfSXVsYlVJTnpVakdqUWNhNmxiZUs2VUt5aG9JcFg1d253V0JYSG5nN1RZVHdab2k3X1o2NTJsS1d5VFJNSUd4ak5ISUhPRDF4NkFiQzlvWngydDJjYTlKaTVDS1pVUGR1R2RlWkt5OXZHak9Edjd1TVJWanBvdy1LV0Z3b3h3?oc=5
"Fewer Australians will accept lockdowns in future pandemics, report says - Reuters",https://news.google.com/rss/articles/CBMiwAFBVV95cUxQdk5yejM5aEY1RkZnZUJubmRxdUZYTW5wUjhnbVhQdzFlc3VISW55TDEtSDNyRUh6LVd3bHc3NkxjemVMX0wtZ1FzVVNUS3F6ODYzbnpDeEw0ZUhPOXZhbWRubnBZNndXcTNsbjdjQy1JVFU5ZkN4RjR6ajRvMWVtYUVpRXpscTRnUkVDcTBNVzFMR0lka3pHOWNIQks5ckszZng3NHhPN0I3SU1HNUdpbmU2bkJZSVdQY2JXVjJUdjk?oc=5
Oxford High School closed Friday after swatting incident prompts lockdown - WXYZ 7 Action News Detroit,https://news.google.com/rss/articles/CBMioAFBVV95cUxQWkVzWldabmZ3WXptT0F4NXpCRE4xam9YekNOZkE0b0VRbkZXTkI5THVabVN6aHpYTTBNUGZoUktBeTkyVC10b2tfTWY2cjZvS1ZhNFc0azdNeDJuNmU1RmVCVXhuREJyVDdEN1dVNENnOTMydjcxMi1kOXRBYmJfdUNvOUJKLWd5em5hVFdMTHJSS25Tb1o2eE5tWXdUTngw?oc=5
Brighton: Series of lockdown portraits by JJ Waller on display - BBC,https://news.google.com/rss/articles/CBMiXEFVX3lxTE9PMjNTOUFINl9ReDhJV0FXRHhXa3BPVUlIVXllUjhYSmFyWHhDRVR2T21ja2RrdGtudTJxekVVWkhLbHRvV3U3emxaMjdQbzl3X3Q3d0Z1R1ZTWEgt0gFiQVVfeXFMT1N3a05TeGltb01QMGExenlXLVFqd2dEbnp2YzhWc3d6MDRSR3ZHbHR0VEFDT0E5WmUwM0dESlowQ0lOMG54VlJ3WllyZUFraFJyLVprX196VS0xNENVYjRsUnc?oc=5
Youth Cabinet reflect on 2020 lockdown - Worcestershire County Council,https://news.google.com/rss/articles/CBMif0FVX3lxTE9wdS1udVM5ZWQyNERKT1g4eHl3QTRSU1VFbkE4WS1IRG9jVnRFNmxYclhkNUxKUTFUNmlnLUkydm1hZWdJbldWcHRRTFcxemlJUC1aaFR2LU9kYnhmOUpqODNuUHdqNDd5Qml3MGRKRjJaTXhWd0Q0MVBzSHNnOGc?oc=5
"1 person shot in Fairfax, putting 2 schools on soft lockdown - WRDW",https://news.google.com/rss/articles/CBMimAFBVV95cUxOdFNRVW1xWkgzMGxrV1h0V2pBcVhlUHBhNlB4YkdPRU1NcWdCdUZhaUo4SC1mUDhSOVY1bG5YMzEzRGFNUGRSbnZMVnhwNDBNXzlLSVZSdXg2Mnc1Y1U0NUh3NjF3eFVhUklWdTBuYzF0eVdWWmcwR243QmNIVkxxT0NHRDgza0hfMGM0RWJ3SjFEOV9tbjVqbNIBrAFBVV95cUxPLXdISGtUWWM4WlhseWZPN3hqazdQblJNSUtna05abGozajU3S0QzUVgyQ0ZHM3lXUnNSTkxRTVZNalo3bFNmT3NKNmw1OEFJSjY0Z0o0c2NfX1NfVEozRTRBZnZXWmw2M29yLV9FOEVIMjhNRlBsMTUwbTRDZ0l1UHEyWkZJbm5XdXJUT2d5NUFWRS1DUmlRSWNNc0dmbV82dHZKNlQxemV6OHJk?oc=5
"Oxford High School placed on lockdown, searched after 'bogus threat' from Netherlands - Detroit Free Press",https://news.google.com/rss/articles/CBMixAFBVV95cUxNZGhEM2dua3NlaVh0Tk9EMlJtZnRDQ3kwWkR4SlBWd241ZmhJdlVESC04eFdMcjVxLWYxdlg5Mm1fQ1BsakpJRlVUNlV2clJqamV1QjVOZHZVTG04S09qTDg0MDduWGN6OUVZMUpVU012NzFHWThQb2VHcDNHVzcyQVVKbmswdVFGZHYwdy1xVHNpVTRmSTcyQzA0eTVkaWJLZGRadHJYWS1uY19lOUN5VlIyQUlwc2tBREJjRnBJbzBSWTM3?oc=5
Code Red lockdown lifted at Broughton High. No gun found on Raleigh campus. - Raleigh News & Observer,https://news.google.com/rss/articles/CBMie0FVX3lxTE9kY3BhbzNrMTl5NDU1T0pEcnp3cXdVMWdxZjcwcnhmdjBrdlFUT2tPeUxuWHJnamlveTRtVGFjZmdyYjY2VmNDT1R0TzJvQWxNTmUzQUpqQUlLU3ZHYTkxY3VhSERmQmNyQnpBczlCRWJvc3NrREgtNGg3WdIBe0FVX3lxTE1NY1FqWUJTdHl1UUtMcDRvVXdNcUZETE1wNklGRlhfT0R2QWRsTGxTM3BsYkNKTGVnUUhaN2w3dS03RmpTeDdZSE05aERtMHZmc0JMdlkycm90Tm5NbHloaUtON2lRc092Y1paRU5fZDZ0YXlrVjU0Y3JRNA?oc=5
"BORIS JOHNSON: It saved lives, but now I'm not sure lockdown works - Daily Mail",https://news.google.com/rss/articles/CBMikwFBVV95cUxNMm5ydUtJOUdrYUZscHQtdzhreDhoSTBPMnVnY19ZcmpsTG5XLWdyYVNrbVdkbTNwdnlvT250MEZmNVRiUXNYNHRTU2FuOEd0cHo5VUNtemRqTnlIQUg4bFExY1VrZHFyR1NhcDQ5ZkhzcFczalBCcUtMVlRDLWNCVVpkVWwyTmtvSVlaRWk5Snc0S0k?oc=5
Rocketgirl on her sixth lockdown: Andrew Rovenko’s best photograph - The Guardian,https://news.google.com/rss/articles/CBMivAFBVV95cUxNU0U4Y2xhY1o1SVJvSG9BWWdTcE5jYUdnR3piZHZ1YnFjMkJUQXpVYmIxYUNOLUR4SHNMVzhjZ3B5Z3BMSHRwNFg3UjNCb2RVTjNRbDNPbWxKaFV1ZEZYaWlfWUFzdXl0NTlnTDBNdHdRWDBrbjdvRnRkdVF2M29vNmF0REZ6Mm83Zi1QYkRZd2VrRVBFckdGbTlNNDFKSGpQRGZFTWwzUVI5bXAydkc2TVFxUkVqSHMxRmlJQdIBvAFBVV95cUxNT0FSWUllX2I0d2dzSjVFZVhQSUREdG9EWWthWk5zM0lpVlRaWEVQaEZmWEMya2FnenJzUUR1NmZvQUFCMWQxaHE1WnZKa3Z1X1lLZ1pyaG9id2c5RXVtbGg4aTZUb2szTThEY0RoTHZTUlk2OERaUjBiQmxLUmVpRU9OY19tYm4zSy0tZWlaSUx0NkdKbnJZeDNZQngzMHV3M3EwR0ZBVTh3dmZVX2k1NGR6LVNoZlN5clMwWQ?oc=5
Second Greater Manchester school put in lockdown - Yahoo News UK,https://news.google.com/rss/articles/CBMigwFBVV95cUxNT0Y5QTRfWFJUU3UySzI3eDc3VnM1Q0R6SXlubG9aSUg3ZDNNcGdaeEY2S3BMZGw0S1hkeXJDcXZOSzhORlNBWkJsZnpxQjZWVjctajRGRkVxa3BoNGhpbWI2V0Zfb21PRXJYcHVxbTV1bUxIbHpzdmZkajNuQmtWUlZGWQ?oc=5
"Kendrick Perkins rips Bucks, claims Milwaukee undervalued lockdown guard - Sporting News",https://news.google.com/rss/articles/CBMi6AFBVV95cUxQdWtTc09kMWdTak1pWGRDMFR0OV9vdjFuUkVyX0dyQXpOVE1fRkNQN1pNazJHTEloTVoyVmlZNExpN3lrR0poQjE5VnBiSFhndXpyOHhlek5YZU1NbFRobDlDZ3dPa2xncUhfVGtSVzRIdk5OZFo3Q3hjOUVYRDRDUmJCRk81dmg3clZTSVlHdlV4WXZkOEZfRm5nSEJUS2xZb0piQTkzdFdJWVBBczhjM2l1cUJyYlFRRS1tT3JDWE9TUWNTYi1aeDJqemQ5c3VFdFdLbFZIem8zZ3lrMW1LUUJfWXRaQUJM?oc=5
Manor High School student fatally stabbed - KWTX,https://news.google.com/rss/articles/CBMinAFBVV95cUxNVmlaY25Ja0N4MmxnUEZZVnlrOWItMVV3TVNYN2h6dzJsM1JIa1NoSFhwbVVhZG5wMkdROFpOb2dTUC1wdEdwN2FrVXlTRVFBYVZHb0hXVlBuMTNxVXFYeXRQSXpzQVp1RnppaFR3VERsRGs2TXlRZm5XMEozWlh0SE1XcVlVWXBabHB0WmR1aldPc01mdm96V0s1NWbSAbABQVVfeXFMTm1LNjVoLWItNXFCN240YlhIblMyeU1RZUdqajFOaXhuNTljampEaV9mQVk2WklYMTIzNGlWTjN1UnowRnJUdVFmd09VYlV6N1NuVmtnZE83X3FyYnJaNWQ3MDByMFhib2V1Vmg2YXRfQjhJbGFxRTFNX0QyT0NUSnlXeHd6LTNyNXRBOUJ3b3F4dDhXV2l4RGk5WC1IU1h6bEEzQkExVEtzRWNmY3Z4YkM?oc=5
Update: SPD gives insight as school community on edge during Thurston High School lockdown - nbc16.com,https://news.google.com/rss/articles/CBMilAFBVV95cUxQMzV6ZDJCb1ZPdzhiSWlkbkdZNHhobXpkQ21uemRKUFpZaVZKM1ZMVTJGT1JVQnRLZG1qaWhFbzY2NEs5bFQyc1FoTkk5T0FlLUoxeTBtSi1hTlVTazF5UC1SNGJEYUg4azNnYVVGY25SSkxxanlDbFVIWnBTOGlCM0M0VW1zOEtOSE5NQXNkWVZ3cjB10gGaAUFVX3lxTE5iY0JJR1ZiM3NFMWlSV3IwTTN1ZGNlbEwwWDN6Zkg4UDVxTGFmeHczLVVidlZ5Y2NJVUpzQTEwdlZPamFDcThRRVpOZGlXM3dERF9wOUJsOUoyM3RGenozbUVmZ2FVWE1pVFVZU0lHOE84NGlKR252MXQweHlqcnFEZHBIaVRXSDhPZDk5dnhrMmhEQVBqdmlxLXc?oc=5
University of Bridgeport under lockdown after reported shooting in dining hall - NECN,https://news.google.com/rss/articles/CBMiowFBVV95cUxNWmFyUno0OEd1X04teFdwYzg5bDVHU3JkQ3cweFJDLWxWd2NKZzNYRTBWeTN2TkdDUU9WdVVNaGc3b2h6Z1dJNUdSbnFXQUtVUzhXN3Z5alpRY3ZSZXAwNUxIdlJ2NWVzMlp0OGI4a3RXQlZWc3Uwd2V2cjhxeHRDdy1Yc1h5T2U0cE5WUVFwVTlUNEJ6TDEwNlN2UVVLNnBaS0Nz0gGrAUFVX3lxTE5CTENGMkpXSjI1MGZpR1FBTGc5Sm5hUktHNC1XRjJvUXdQNXlLbHhINmp6ZTY4VEdiVkZVYkNYcV9CQ0JKSUpJYUdTaFdsa2lsM204b1ExT1JXSU9ndF9WeW1Db3dHeFdXZGN6UExNY0drRDM5Ujh0QUdPVGJvbWt3U0pjRGU0SU5mamctWmM3TnQtZVJ1dU4xVDZQUmZ2TlA3VExxTHRGSjVFbw?oc=5
Sky 5: Broughton High School under lockdown - WRAL News,https://news.google.com/rss/articles/CBMifkFVX3lxTE1NbXgwb2Y1azhLdTRpWW45WVZ3WVMzYWgtQjBYeGlVWjhfUDIxaVppWDFYaTF4LWhoT3IyXzNmYUs5d0hlcUxWa0pzMDFMODROeXJGblNDdURfVHJQdXlPZ2JlQi1wNjNRU0ZzblJTVHREX3lTRUpCQjlrN1BqZw?oc=5
I weighed 27 stone during lockdown – now my stomach is the size of a baby's - Surrey Live,https://news.google.com/rss/articles/CBMiiwFBVV95cUxOWkpBcGxNSkR3RHUxbkRPZXRlekNSVUdObGpTWEplYzA0dDF4NUg5ejc1S2JHYzktSXc3NlRGMXNObTlDNGFBMENIMHBPMGJTZVAzUTVXMXVaV0tsSXBMTGI4TURVSlViSUZDRDZ2bkQwVGFBUF9iVERaSjF2TGhWZ1BodVFGQTFqcW5z0gGQAUFVX3lxTFBOV2d2Zm52VEl0bWxIcVBVNEtJMS1FRmRIWGRYUV9ncjNpUzluOUhtWnNIaERNR3BtR2c2T0I5azhQWmxEdEt5ZHFja0p6eUZjSmlFRVFkQ0xrVFRFZ3F2cWZtOEZNdXNuT1FTSl9qQ1Uwa0pBNF9YYUlPam9jYmZvVFBiV1kxTWhvWXFyUDRuaw?oc=5
Broughton High School in Raleigh returns to code green after temporary lockdown due to reported gun on campus - CBS17.com,https://news.google.com/rss/articles/CBMisgFBVV95cUxPc3JoWUg1UFBTbms4UkhPSTlZMkhZZTFTTVJrSm5PTG9Db3pqcm5ULWtGanAwZ1hobjBvVGVIWU1icHpKUGhONy1KQk44THRGVHEwbHBJY2p1dmlYWmZSLVd5RlNhZTVBeU9EbW55Z0p6UEhnWnFKUFpVcmdqd2xkMWRrbHNFdTRrclNaRnYzaTNqY1RFVmEzVmRIRDVvSXY4ZzROdm5tUk9wa1FUR0NlaVZn0gG3AUFVX3lxTE5YNWxUSlNWMmFpZEI5dVdZaEI3ZDFiblJvRTR6SktCZThXcFhsVWVkQTFlMzRFMWdzSnM3Z1RmQlVoLWJyVVVjX1BtNndDcUk4VXJFRUdxQ2VtN1Q5WDNDaHJvYms0OFJhRG5CRDB3cGZCMjFKWkxNa1o0czNJaTVKSmxpZ1B0RUV5RlZOS0RHYU9pZkp4SlZ6RV82dWVzR2F3QnBCMThlZ3hNSXQ1MDl0Q2d4OWpXaw?oc=5
Havant school 'lockdown' after threats to pupil and staff member - BBC,https://news.google.com/rss/articles/CBMiXEFVX3lxTFBYbDE1MlRjOUZTNW15M2pmU25MVHhHRC14T25uYUxPQXZCekt6eEhhMTZVMFF3ODJySGUtX1BrSTRNeGJXZldkQWprX3BTTV9uN0VOZlRJSTBUMmJt0gFiQVVfeXFMTmtsOHN5a0daamc5NmJ2TGN6cUl1VEVzamxmQjN3dDRpdGtMOEUzQ0lsYXJZMWNUdDZTWklORVlqNXpjSldMbWl1a05Sb0hrVUpxbWQyNGdWZXJMNjZ0elYzYlE?oc=5
"Fairfax shooting puts middle, high schools on soft lockdown - WRDW",https://news.google.com/rss/articles/CBMimgFBVV95cUxNZUloRkxxZ2JQbTVZNm84ZGVNbVY5aXBZRlZFS0FsVFZrTjFHUXFUUzB6WWV5NlJIc3F4aS1FVE8yWF9lU2JxT1FicGpacVNCakM4VlhSRThCZkVYWU55V0E3aU54a3U2d0gtYlgtd1pSNE42bUdiUGZadzVRV2hGRTU1eGxEejF4RlY0V3RiSnpvSXVIZGtDWFNn?oc=5
Sky 5: Broughton High School under lockdown - HighSchoolOT,https://news.google.com/rss/articles/CBMiiAFBVV95cUxQT3dfeGxkTHZtcU9lZjRUMEpOaGRIRjR0Q0txNVpfcllJeFJEa0MzTk83RHctS1F3ZE5jWVN1czNWRTJJV0ZiUE5xc3FkNGtiMWJOWXBXTklFWFRudEZkelRyRVdVUzFxRnFsd3Q5UFpIX1hVWGpWdlpya0lya1F1ek9rUXdjdVNU?oc=5
CHS Goes On Lockdown After ‘Swatting’ Incident - Geauga Maple Leaf,https://news.google.com/rss/articles/CBMiigFBVV95cUxOTWZFeXZrazJTN3BmYjdnV3hPdUx6NDJ1dFlhMnhyR2w0R1FHTTZrUkJIMFlpRmFDU2RCaWlDN21UWU1rTFVHaEdycmtXWkpKRzNwR29uaTFPTHBjWnZqRS1OQk91dk43NlA2UmlMZzlVakYzdWx2d0xsZ3FDWFZfVi1wb3NLc1RGM0E?oc=5
An amnesty for Covid lockdown breakers? Robert Buckland plays the rest of us for fools - The Guardian,https://news.google.com/rss/articles/CBMi4AFBVV95cUxNeGEwanpWSTFsOVJWeldjYXdkUTQxd3Z4U0RqU0pnNzBTTzdrLWpFc2ZBWThoUV96NVdCT29UWUdzbk8wQXJ4ZXQ0d0VDcEllQ29JQzM1bVMydGZRTE5IYl9KeUdpVTNJVmN2MEtwZHlVeXVteFdIdGF6VkRGRC1WNXNzRnFfRVFzV3d2Tmowc0JXMkJoR2szZFdoQUU2OGxRUHJxejFLcFN3VGtnanVYQm5wOUNZNnFrTjFUWG5YWlFCMUYwbHN6YnFDYU16Zi1pZEdDYW15NllzaDZuRkVJRtIB4AFBVV95cUxOdzA5emxodG1lQ1lRNHVucF9WR25Ha1NYVVFDeVlVUVJmQTNtcXBHSXNMaERYeFZ4aXZhaXUwdTZnMWo5b2JuNkx1RnluMkJ3N1B0T051WDN1Q2VxN1RQZHNXQ0VURFZIdVlORklxNDg1dGFPREVxa055UklQbld3aGkwcHFPX3pGT0VKeXJ3LXpLUUN2clVrdFBsMG5faHFwRGo0a0JJRWlpMWU4dE1Ddm1GTmZIT0FnNVBLSzYwMHltWC1Ld1Z0WXo5enpaNUxUbWtUQ2JkZ3I4TlVwdE1fTw?oc=5
Lockdown runner speeds from redundancy to Olympics - BBC,https://news.google.com/rss/articles/CBMiXEFVX3lxTE1FVVh3QlRZOEVIWmJHTlQ5c3JjZTM5ZTVsNy1fWnhaN3YybElSX3RCNWZZbUJxTDlyTnl1bzFVX3Fmb3lvcVVjVnFHemJrcFpvRzJicFRmVzJTZ0dv0gFiQVVfeXFMTXBUYVhJMjJFYXRrek9Sb3JmYWdXRVV0eG84YVJ1a3dIQkRlcFBsSEJQR1A4RFk2NkFZMU9wVzRCd0pMQ0NTa3hqNXBlV1hfbG8wS1VFWlpnMFFXZGp2U01oX0E?oc=5
Zhang Zhan: Chinese blogger who filmed Wuhan lockdown is free - BBC.com,https://news.google.com/rss/articles/CBMiWkFVX3lxTFAyVnFPY0dYTTZDTGFTdGJYdlhQZDY2RlJ3Z0UwbTJsNDRnM0M1bVl1MGwwa2JRT3BQOXVXS0FxZndtd2l4VWdVdFBlaFhaZEllQUh1OXkyTUR5QdIBX0FVX3lxTE9ja1hUeW1xcE1zU2hvVThKOXdSREdlVm1XWG16VUtmeHJlWUhUSXRyWDBBdmFwWVhrWDN1WGVjZjIzNW1hU29SZmxNM1M2TFcwTm55NTNfOThGZzdfNXlr?oc=5
Man shot while fighting off attempted carjackers in Prince George's County - WUSA9.com,https://news.google.com/rss/articles/CBMizAFBVV95cUxNVDJidXd6eTZUNmF4V1ZyME5BU3J2WDlxRnI2NVdremxya3hGNm8zRnhNRDBYb0otUUlXY1k1Wm9WQkoxTjQtTl9aQk91T0FhNVhjUHF6Q2ZKWXROZ2I0N29zZ3hwTTNzTEhHTVNEZTdmb296V2czQkdmcjVEZUN4ejJkZjlXS1QxTGlyYTItNGN2MUFmeTdSeUZ0RlNta1R6WkdyTURKSDNRTk9OT3UtNVdpenhxUE1jSkRhVG9yVUZlZnpfWnNqcmdlbGQ?oc=5
Paris lockdown begins ahead of Opening Ceremony - Insidethegames.biz,https://news.google.com/rss/articles/CBMijwFBVV95cUxPM19JcFdUcUFOcUZKUDdObXJLOG5rNC1XYndEdmF2RnBzaThndWpVRjhNNjBMUWxmMVNoQkd6Y0JQTnZnOGtKRmpTQ2Vpa1BjN09wdDgyUjlXd2VQUkZ0VHF6bHNVVF9iZVp1d2pVYzZ6QkIxLVBYSUswSlh3VUtTRng2T0c4dEt4UUxXVnhGMA?oc=5
"Covid lockdowns prematurely aged girls’ brains more than boys’, study suggests - The Guardian",https://news.google.com/rss/articles/CBMixwFBVV95cUxQM0l6LUVDMUhpTTJYY1FxY2tLOVBydk9iN2pmaHFDbjNIRXNGbEdXc1ZLa3phZ19rVUYybk9wS3J1eEd4VmNoUkJ3cmlYc19rellNZWhQQmp2eW9pTEd1OHQ0ZWVoSk0ydDVSbTZ2dFQtRnBzb0cycVI1bTR5T0tZSVFkR0tUeFhTejFtWk41Q0N3YzRMM0pGV3RDbDNVZTZETm41c2JIUGl0azBsYkM4VDBqaGNtMDVOVFdqcUpFV0k3aFhmVGZz0gHHAUFVX3lxTE50cGMwdkpSOEJCUmtobVRreWRhWmtCTFRabW52UDNnS3NxRFpuUzVhcnN5Y3V0d1NPOWZBWVlVYmZILU5Uel9jQXB5UVJ5bnU5Q3o5MTlJXy1KdHNla0swX1hMOFpsam5qRWlBLUtUNXZaSlNuYlFmNGxfeU9xZ3A3WHA5TUV1TTgyQ0xkT1YzMzNacHBvdmZqMFZBMlZCVnhkYWJPUUU2WWdLcWFRczdGLUpDY1NtQmEybzltQzdMYlFlbFBnZW8?oc=5
'Threat' prompts lockdown at Thurston High School - KLCC FM Public Radio,https://news.google.com/rss/articles/CBMikwFBVV95cUxQdkNDLTlwRWpIajI4dTNpSjdVeUdfa3huSDlaMHhmVTU1eGptMkZiczdPZWE1Q01pSko5OEdLTUpCTGNJenotdEdnbUplZS1tSEgzbk1lWXljWGtsZE1NbXdCQ2hIQmtCQzJOQjdmYkd0dWFWMTVxMGxlZXpVT0pNc2d3TC1mWmppUDJRNWpTMW96RFk?oc=5
A kitten was a perfect lockdown distraction but I got more than I bargained for | Nova Weetman - The Guardian,https://news.google.com/rss/articles/CBMiiwFBVV95cUxNV2ZrQW1vVTc0ZUt2ejU0WnY3aVRzUVVETk5vWXFWZzNRUDNXREZMRnMzNFVfYUZoekxVeEhZMV83RW9uUHZXc1ZSakhHamFuYzFiUmZTMVFTVUJrcldKTXJ1SFVNSTh6MmxYUExadm92MXRFMFIzdG05UzFIbmtodlpVVGVYcS04S1pz?oc=5
Lockdown online pub quiz sensation shares rags-to-riches story - BBC,https://news.google.com/rss/articles/CBMiXEFVX3lxTE1xV2M5UVpQNlBxUWUtNFJCLXlYcGZKOE5iZFRTTXZNRGVnMEtrbFlsczFuQ0lkX2ZDZkRtQU5TTGh2M2tyTXgyQ0hJWDJYUW9QNVFVU2JGaWw4OE5v0gFiQVVfeXFMTmZrcEpiT3pEN2gtSUFBTF9FdDVlbUlvemdBaFBYUGRVbFQ3ZTdtd3RzTDBoM3FIQ3dVclJ5cEVfOU5xTDVTTGFPaGNUSU5WdnlFSU9IWjk0V09xUGJ0SUhHY3c?oc=5
"Four Seasons lockdown, latest on shots fired in Midtown - 11Alive.com WXIA",https://news.google.com/rss/articles/CBMikwFBVV95cUxPNGV2MjVCbzRWOXo2Y21SdVRyZkRrYW5VMENsTWRwaFJXUU9qaWsyTE9FQngtbFdfLXJUYTJPLU51SGlxaUJFbzJaUDB6cWRuMUtQaWZwcTVadXRmdmJrRTVQU1JtWVMxN1ZLWjJaVXhneGhGZzRGczVId2otWnAyTkNONGY2NVVRcW1fWGkxOUQ1bzg?oc=5
Rose Harvey: From lockdown redundancy to the Olympic Games - Team GB,https://news.google.com/rss/articles/CBMisAFBVV95cUxQNnJjQlZxaEd0QjZYdVVpM2NmMjAtQVpzZ0VtOFZacTF3eW5VS1R5WE5WUmlMX2tENkhPR1A5aGFCbldPNlk1dHY1UlhXb2pGbDJndVVhNW9FT0ZVVm9qTVo4ZElwYUFEeExybjRrY0JJcHpzekxnS0lUU2RLVWk5azVOUGZGdW5yUm1IYWxzUlZUbkpXZURtaGdCb0V4Y2JXOV8zcG1waWYtY3BPcVBvaw?oc=5
"University of Bridgeport under lockdown after shots fired, police say - FOX61 Hartford",https://news.google.com/rss/articles/CBMi7AFBVV95cUxOdEN0OFJwa2xYZzYzSnF3MHQ5djdiVUk1SDktdDNXYVVxQzdpcEt1ZEhKNzhZSVNXcTF5NEI2R1UzSWxmOHMtV2VfUG9YVmZINkN1QVJGbUs5a0ZlU0daWnQxb19FZDYxZm55TGV4UzdJQVllN2xaSFVKbjMybm5tamhOalc5a3hZNTNEZFdGT0lYYV9UdnNQckdhUGNUV3pTRVg2UHNYWTFHNTFkemg3TnNPRnNtaWFVbTRLTHBQRzlUbE9PdGNRTW5KTzdTWjUyMXdCU09FYTFMMUV1dzlLRWpNbXJCaXJLLUZKWg?oc=5
Heavy-handed COVID restrictions have destroyed trust in government - The Australian Financial Review,https://news.google.com/rss/articles/CBMiuwFBVV95cUxNd0NJblN5WTV1WnV6d0h0V0VlZUNfc1I0SENRTHFSMHg3SHY5ZUJyNUtHNjJyM0NIS1lEMmprVHVkYjhseUM0VzV3a2o2eDk4YmgwQmVKei1SLW9ZYXZJMXF5OHVPZDRlZ2duOHhBV0o5cEhLdk93Nk11MDd5dHNqM2lTSVVjN3Fta3A2U04yUzQxaDk4R0hNcWRnZFhSMnk3by1BWUJrNWdtV3hSVEpiZnlMUVY0OXF1bkpn?oc=5
Two Allendale-Fairfax schools under soft lockdown after nearby shooting - WFXG,https://news.google.com/rss/articles/CBMi4AFBVV95cUxPT0tvdy1VZS1CRWdqd0pqWGsxWnVYQ1ZYdVFQYS12WUNLVHFFbG1uM0tOS050cGlVOFJsSFBhV3pTMUltN3pqb1Z2Mlh1Tk80RGlERkdEREs1NnFJXzdaa2lrcDhiaTNka09OdzJ6Y2JRaHBvTk8tMWNKT3pZaGtXZ1RWbXN1emhxalR6RDVDeUFET2hmbFF0eVYxTE1mTnlSeWwxeHM2UTZoU2VzMjlKVFlqeEdrRGc4OEZPWGEzV3M0Mm1GXzA2R3ZrZTVBRXNtcW9LZlNFSWstZzJrYmk4Uw?oc=5
Ebbw Vale: Teen arrested after school placed in lockdown - BBC,https://news.google.com/rss/articles/CBMiXEFVX3lxTE9BWDQ1MEYyYm9XRU5vNGpIRzkwaDVSZWVhOFkzMlZYbTNRenVVZW95OTNVQXhvTVN0b254N2JKUnNQNGhnYWVTcGl4UWR4OHpWcERmQnRubTZWTzJU0gFiQVVfeXFMT2NpdjhVdjA2aDBlS1RLVDJiaHNMZ3lDV1o1OVB5c3FDbURtb1d0NENFWVdyZW0wMmNWb1c4dEl3Mnp3YjVjWjlpQXg4andhVzlXREhyYnozSERnc3NSYjg3bHc?oc=5
Paris brasseries and shops reel from Olympics lockdown - Financial Times,https://news.google.com/rss/articles/CBMicEFVX3lxTE4wT05pSnM3N1d6TUk4ZE1HRVBlSDVnSlM2MTVVM3ZqRjBNaTlZS0FMNVR5YXVpX2s2UmtYb1R6U2RMRE5zRnlqcDBfSWxwc0w0cTRvUHU3eFBMYnZNV3hUbjRIVlZhSTRnT3JObjlxdzE?oc=5
East Sussex: Teen girl arrested after school put into lockdown - BBC.com,https://news.google.com/rss/articles/CBMiWkFVX3lxTFBYb0dWUHUxMF9USGdDUkk0NmNjN0dYeU9GRzlZUEJFMDYwZXRDUTBwV0xsZTBlMTNiMk5PdnJJWTgyZXNBWHlhX3FwcUxiMUU1dnA4RFdWdkdrUdIBX0FVX3lxTE9Ua1JnVGFNMXlheGdtYVk2a1FpZHdEVTRiZFV1OEN3bkp6dHE4SS1SQUwyd1AzOGJScUFYSHJQTlBUcnZtNl94SUVZZ2JBdVhYQ19jbzFzVmJfQ0Y3RlJj?oc=5
"Wheatfield Prison on lockdown as massive swoop uncovers dozens of high-spec phones, drugs, weapons - Irish Mirror",https://news.google.com/rss/articles/CBMimAFBVV95cUxPNThZcThYcjZEOFhtcDF3NmxEcmRzUEFkM1kyU3FuN3FyTjdQYTVIcjlSUmxEMkhRc0VDV1NWX0pjNEMtelV1UVQ4VXNTNWVGbzVSNVRSYXNZY0MzRkxXS0pmNXhkUjdIb0VORjlnWkFiMnFOeWZjby0yeDFySWFUczRfMUlPOVdGdFZ5RFNlUWpuWUlkY1J0c9IBngFBVV95cUxNd1o3UXJ5LUs1TU5mWGgxYUI4SDBXVWJ5bUVsOTQwUU9UZTRjclJ5cEdkMzJhUVhabHV3S29ONmJzQkVuWkxKOExaSk04ME9TcXlIVUJMeDlpYTZ1RVdOY28yT2s3d3RSSUptajJrQlFveDIybFRzMEJ0NmY5aEMtdk4zeEt0cGp6R1R2eGpDVmt6TFZGZ2pUY1J5MzhUUQ?oc=5
Fern Britton reflects on horrific lockdown after the traumatic loss of both parents and the breakdown of her m - Daily Mail,https://news.google.com/rss/articles/CBMiwAFBVV95cUxPN3hleGlHQ1JCanJ3WWJ3N3RqV0JqX3NTaWVOYTNNbHFfSlYxNUxTcFVEVkt5WlhzTXJMUF8zVkR3N0JkVklGeVVnUlQzaWprSTZUNm5kMlBkY2h6azV5MXcwbXhzd0RqWmRoQkZEWGxQeXU4bFNYTUJjcjNhcVc4azFISHlacUtOcVBIdlU0Q05rQWRhdlJodk9SRGRFWGlCYmphRjBDQUlUd01PMFd4dVRxOUVWUlZRS3lMZnJfbDnSAcYBQVVfeXFMT0tCQkdpNWdTcTZKdng2bEEzNHZGQnBwUjB6SXl4ZTZWbHlKLVBzaVVYb1NzdGRHdlZ1NWVyNHE5NS1DSUc5Q3R2T0V1LXZoTUZJYVlIaURISVNVMEdMVlY5UjhRVmVlMVY5Slh6bzJoNWVpMUNpanhlRXByeWNaQ0xYX0l4V1VHYlRfblQ2b1V3NWJfUEMyUDZpY3gtZUlDSlczbTJSdUswXzVTYnd5bHAtcjVVVUY2MzZsVlpMVm5OLTlkQ1pR?oc=5
"The Lockdown at Portsmouth, New Hampshire High School is Unusual - wokq.com",https://news.google.com/rss/articles/CBMiWEFVX3lxTE53ZjZFT19YVUZNandRMDdzYm01cG1SZzlaZWVrUmNEdkZkTUw1TnUyZlVLbDI1cGllUV9XS25uOE5LN0Y3NDdiZ05QYWhYZ01RUWlRR0ZVREc?oc=5
Pandemic babies starting school now: 'We need speech therapists five days a week' - BBC.com,https://news.google.com/rss/articles/CBMiWkFVX3lxTE5xMUZVTG5MYkMydldVNzluSzVSTVRjZk8xNzQ4dmwxczAxc0lodVJtZmM4YmtpM0VOMG84emhfQTdUZ2Q1Z0FNcm55UE5sZ1FuNVFJZzdXNlVfUdIBX0FVX3lxTE53TU5kRzd3cHMtcWczaTNFRU5VVzdKUi1UVXd4MkpGNW40bUhReHpLOVhLYURRZGoyV2VWSzIxb1dxOXpqMnJWd2Y5YUhZYWVWRVh0RWNTVVBsLWRCanQw?oc=5
How Covid lockdowns hit mental health of teenage boys hardest - The Guardian,https://news.google.com/rss/articles/CBMirgFBVV95cUxORl9KNThTVjN1TU4wNVZ6SGp1dTZ0TkNFaHp3YWFTNkNWeWpGZHkyRy1CQW5iV3VxMUZOODNpWFBka3hGRm9fQ0xyd18xcGl0TFR1b2hCRUU2VU9Sd0ZtblRENkhtTklZYTdObXNxYzB0T1ZTNk5qT1ZIbzRDZnpFZkQ1VnBYb3BkRk9pSDNva014MXB5eXpNam5MV0pWd2QxNUF5WGIzU193Rk1KNVHSAa4BQVVfeXFMT283emgtLWpwQlhjOVRlbzUtSDJzUVRqX1dGeDJPZG1oNEJzYnlFNXdMdWVVMEhQN0tEOUZ4Y0MyeWFXelJncC1qdVdoVnlUWTAwZ0NTVjJySVhiS3kzQWZwZjk5c3AwcUl0MzZ1alBGWmhBc045c0hGU01YX29wQkhCOWtqZC1uZl9JSmVUUlAzUVU3SUkyNi01WVRXZTZrc1hjVFRJSHI3NEptX0lB?oc=5
Code red lockdown lifted at Broughton Magnet High School in Raleigh - WRAL News,https://news.google.com/rss/articles/CBMipwFBVV95cUxPLW9jMEdxU0EteUJQVVZkWEZkRjBmRG5TZWRGQ2xwR09KLWM2ME5WNkNkZDVTLWtEVzVrVU1mbzVEbGtQTjNQYmp1ZU9HNWlkemVHaWY1ZnNjTjlEc0I3UlJCSThBNzdqZFhUR1RNbmV5bzg4WFpteHpqLWtYYXdWaGxGNzJtUkVWejd1NTNJaElhRklPRFJ2cHlDNmNZVHExTWNPM1V2RQ?oc=5
Hotel sector makes astonishing recovery four years on from first Covid lockdown - RSM UK,https://news.google.com/rss/articles/CBMiwwFBVV95cUxPUzF6d19CVGlwZ2pxcHkyVG5ERm4ybUxMcVFLWUZ2YU8wNXExMm9IUWxWN0syQ0w3Z2FOZWJPME15RHZkNWZDb3U1YWY1bjkzdk53dm9GYUFrWjRyTmlrckI4a0lZTEliNmlOdExoQmJPZE5jcHgwWWRBTGpCUFB0Z3FIZmpWSnhidmVUY2ktVU5uSFcxcmZ3M0ZIM3pEU0stbWx4cnB3cFhKX2o4SXlDSGthNk1EVi1mWkdnYnZYcTRJeW8?oc=5
Arsenal tried to ‘lock down’ player in recent months – Scouts watching him closely - Sport Witness,https://news.google.com/rss/articles/CBMiqgFBVV95cUxOZGlFU3RMOWU2dEQxQjAzVGoxWVBTRlJjaUNlelgyVzB1SkxuSS1UMkNOejA3TmFDRzZCcVMxek5aZGRhRFhWdGE0WUtpamxHVEJOYUk5d09RVnM0U2tfNTktdWFRZlZfbHQ2c2t6OFFSNzRLdjZKTFVXaUZiWklwMVIwdDVLbmUwY0RBMzFiMHQ4UkkzcktxYnFwZ0xUR3VqcVNiX0hXaVFxdw?oc=5
Review of COVID response finds Australians unlikely to accept lockdowns again - ABC News,https://news.google.com/rss/articles/CBMihgFBVV95cUxPZU1RRkFlWklTcURCajlfNE80dV85ck1UNU1EZTI4Z1hGM3gxMkRHM1Nkd1U5TVFVMEFuSkpkTWdzVXl3XzJ5c1FHczgxZWpQQW4wU0xYdDBiR0JlQlNPY0FPRWJZLTQ4R01HS2dMVHYxSmNfZGNKZUUtZWthakxCQWR5emxGdw?oc=5
Manor Senior High School on lockdown after student fatally stabbed by another student - KBTV Fox 4 Beaumont,https://news.google.com/rss/articles/CBMiuAFBVV95cUxQWTZ4cDJHNXJtSVBBellDQ29MdE9pUElDMHAxbl9KSXhLTnpLRGxMM2V4TFJSbjVYRGttMXVHaGtHY19CWkprRkRXNU9Pb2gwQmVCWDhvU3pQNnRuY095MzBkV1ZLWlVxMXVEekZhZ0FLc1gwZnFPUlRQLXRYRzB6YzlNbjlMSzBsUEVUamt0WDNKMEQ3ZEo3LXFKZExjeWp4LWFybU5OOEhENjJ0MFBzRThhSVpfUGN00gG-AUFVX3lxTFBnT1lQTl9Bb2ZfWktDQ1ZIVzN5a2pXQ3pKUjFXc0YxQUNYRVZSRnpWNk9LRGIzTW81NlZYaGxoSG9GQlJ2S2c5b2VMckxDa29aMXNoeWdWZ2J5dXBHZ2tGX2R3NXNzRTJCaGlqcGJtckN2Mk9rU2N6ZUM5ZGpDeURFRE9YaDl4VUlJYV9hOElpaHVTRTIxSzlGUTZPMmowS1VJZ0NjZjd4dlFBYm1HSlh5eXQ3NFdjbUxGSkcyREE?oc=5
Bishop Auckland school in lockdown amid air weapon reports - BBC.com,https://news.google.com/rss/articles/CBMiWkFVX3lxTE9XdnBTSzRIUnp5YWFpcl9ydTFiSVFFYmlkbGlDX2RUNC1JS0JLYzNHeXdpaTVRc1JKbFBfSWw5b0VialFBTTc3UnBNSUc2MDlIb2NkSHpIUjNxd9IBX0FVX3lxTE5FUUNsemFlbng0cWxiYWR0MVp6RnJPbDl1cVpkSEtOYnhPWnE4aHAzdVlNZVNUMElKcFlYSnZTUGRVLXIxeVFES0JPWC03QUJqNGVKNl91aHBZYzhobmEw?oc=5
‘Swatting’ call prompts lockdown at Omaha high school - WOWT,https://news.google.com/rss/articles/CBMidkFVX3lxTE51dE9JS2locWVpdUV0aUI4YW1wOFdLMkFRQUplOHprN1A4OVJMZEZQbHZNdDdmeGxkSmMwY3J4NkJZVm5yd1FLZ1k2Z3ZxY1E4ejcxNUZoNGw2VTNnZXltTGE4VDlZZkNvQmtiaEJrOGMybjl2Znc?oc=5
Threat leads to lockdown at Goddard High School - Roswell Daily Record,https://news.google.com/rss/articles/CBMizAFBVV95cUxNX2M5Y0drdWxVS1VhNkxWb0pBZmRWUE41Unh2Q2E3ZE9KcUZQTjBubDYxVkxERVdqaHlLNDd2V3B3ejZvMEI5VEctci15bDlnZ3VaejJHTERieEMyRVpocEIxRjkwQlFNbVA3V1dMN3hYekJFdm5BMll1MWRrcmRhak8yZGhZdjRDbF9VWHdQbGZZc291a1Q4OXVmb3VfZzFhODdBOVRVZXAzc0lUVGREc1lBQTdHMmdwREItbVBHcW94Z0NxM3k2V2Z2VVI?oc=5
St. Joseph schools placed on lockdown after suspected 'swatting' call - FOX 17 West Michigan News,https://news.google.com/rss/articles/CBMirwFBVV95cUxOb0dGV05EMzF0U0hGM2dBQ1FoTjR5TjF5dUQzU3BoV0g3LVFaRW9SRXRMYW9QZ3g4Vi1lLTR0c0hCam4tWl9YWTQ1UmtKX0pfQUVNaDdRcS1wbDlmamRPQnJ3SmVWbm9LRnk2STVnZ1lMWWFsZlpibkpHM0Q1N1ZnMTFxNmpPUkZSVTMwVS10cHctUTZYMm84SDRBb1VDM3IxaHRweGtBYzhWWDFWZGJR?oc=5
Sharpen your skills during lockdown with UN e-learning courses | United Nations Western Europe - United Nations - Europe News,https://news.google.com/rss/articles/CBMinAFBVV95cUxNdGtiTWo5bEt6X3V1Q1FvZUg1OGZSZm5jTk5CV2ZsVFdYVHdGMmZSR3I1VDczczZaclk2bU5ORklUTDJuYTRzUll1LXd3WTdVaHRNRjR2c3RsUmVFQ3k0UW0wTjIwWWRzTENXV19XNzNyWWs3NkdZZDZFOWhXSkcwLW9ZOFY2VTZnWURGcE05N25xVzhRNmRaeGM0V2I?oc=5
Students sheltered in place Friday as threat locked down Thurston High - KVAL,https://news.google.com/rss/articles/CBMikAFBVV95cUxPU3JrRURGTmk1V2hzSEUyQVNyOXIzMGx2SWZHX1RFNFdfbS1oajVnNi1qd1l4WFJKWWFCOVU4WHUwR3JVOW1QSEVieEIwbS10RjhucTExVW5SMGQwZHkyQ1pXSVNDSkZVV2lsbmYxSVRmaEM2Z0hUQTU0b3doY2hLSE5VZmxOZDRlNzV2T3FVenPSAZYBQVVfeXFMT0szWG1UM1p6eW15WlJfMkY0YTVoY0RVMVp6d3NlS2c3dXdsTS1CcUpDXy0xMlJiVzdjMFh5UnFSU2x6SXlJNDVPZ1JtTDBRMHJhdXM0b0tXMW4tSkJ2RUU0Rl91MDk2dHU4QU0zcHRESUNtX3diLVlibm1MRGFBTXRaQUlGQzh6MllHc1NBbmV6ZHVoR0VR?oc=5
Lockdown lifted at Roosevelt High School in Boyle Heights after telephone threat - NBC Los Angeles,https://news.google.com/rss/articles/CBMiogFBVV95cUxNUUVvUmRQTFpqVFBJQV9FWWZUNGZ2cEJobWpZZVBhZHF3WkFrY3NLZzJGTlV4NUVyOEpIb2xSTjBibHNxQzM4cDFCa3NHSEltYmVGajVoYWlRU05wSm5fSXJWN2JqTGh1bk5ZdVJrT2JxZERmTUpJd2I4Y1liNFZrRnhjTm5iS0YwVjZON0Z3R3ZkVDRhMzlpOEtneXNCMkZtRkHSAaoBQVVfeXFMTU0yZ1YzSHM5c3Y3ZEpMa0wwUFpMU1ZocVhORW95WS1TRW9CTW11ZG1ycFBRTERvN0FheXVWRGtyV3dWMDhzLVpJNDFsX3h1ZVBteGpHNDMzNGZfTnVod1EwN05uYmdDNko1TkhRS2MtSjMzZkxCN210ZHhMMkp2bEpjRllrTVNkYW9FT2RTaFV4QnRsQ0Z1Wmg5WFNpck9TU255ZTl2Q3FnTmc?oc=5
Major lockdown update as dangerous new strain of mpox sparks global health emergency - GB News,https://news.google.com/rss/articles/CBMiakFVX3lxTE5KSnFlRXhSQTZtZ0JNYXBkWURIYTZ1NGxKWkFjN1lZTW91eVQ3RTU1NUMzNVAtYXRpU2F1c1lUaGwyRHM1ZkdWS1FUaGdCMG5hbG56Vk1tM1d5UFRVQXNKdDdDVkFTTlZzelE?oc=5
Freeman School District says 'swatting' hoax sent students into lockdown - KXLY Spokane,https://news.google.com/rss/articles/CBMi3wFBVV95cUxOWFlrZGJUOTB1cVJVRU5aUnIwRjRFekoyaFhnWWZJZV9uZlJRb1o2VzJVZXRRMXp4RHNDZnY4SEpFYnJNTjRib2RVa0UyQXZEcEZOcnBYSzlZWi0wYTZxcng3alhZSDZhdnRjZGRuRVBGZWJYUkZNV2ZpRi0yN1pKNkdUaWVZbFA4blNFbjA2VklESjNTV1RWQTh6S3g3NUkySGg1UDE1d2tOZ3B3VWNjT3dLRnVqLUwyTHBiYTZlYlNsX01fN2Jib1JqTHd4YnpuZG1vajVIYUpidmxPel8w?oc=5
Teen arrested for false social media post after school lockdown - News 12 Westchester,https://news.google.com/rss/articles/CBMimgFBVV95cUxOaVNTcnZycUJjdjdUSlRhZnViU1VudHFROXNYR0cxN3NEdWdFMm9JbFlYeTJOdFhqaE5rMGFtYmdmUVc3aE9JNkxIbmdaSnF0bHg3XzZLbExscmhTWmZsckFNeTdoRS02MW4xLWZsVXdtVEdtU1dYVVBlanFTNnNPemNKTkUxUTQ1dnpLdVBrR2MzdEtQdzRkbWlR?oc=5
"Thurston High put on lockdown, other nearby schools placed under lockout due to threat - The Register-Guard",https://news.google.com/rss/articles/CBMiywFBVV95cUxQVXRTNDVGVVd6Mklja2pzWFZQa3lHMEt0LUdVemk3Vk9TMVk2VEc4S3JlLWVOaEVwNjctZUNyU0EzTE5HcDdxLVlRSU9TNjJTc2NTeklNbDRjNUtEWVc2TFBLbTJBMGE3bXpuOU5uZGV4MUoyc1JMR1hfUkhpaGlWZGN0ZzR1Q3FCZ2IweGJhcXk3SkFSYlNHb2JGb2FRSXRISFBMb3lpS3dlR1NnYThaaTF3djhYRF96c3lqeXJxZlVnRzVzY3N1TWotbw?oc=5
Meridian high School on Lockdown after a shooting near campus - WCBI,https://news.google.com/rss/articles/CBMiiwFBVV95cUxOSDB2ZWVlSTEyMkZiSzNLUHp0UGhzZFB1XzAxRHEwc1dBaHhDZkUtUnBlcHJnYkVXY2NQX3I0U3luYllFS3g0ZTF4czVFT0RiWEZOSFBWWEt1aXFFUm1EODZfSVg1eTNSMmgtek90V19fT000VXVyeG1lQ3FqTFZFcjhVQnl2YnhkaThj?oc=5
Massachusetts town approves voluntary LOCKDOWN after dark as fears of incurable mosquito-borne infection grow - Daily Mail,https://news.google.com/rss/articles/CBMiwAFBVV95cUxPeklUS0QzODN2U2d4ay16THcwLXg5cUxRdTVHbWRkaGJ6T3pvRnlGaHJOMnpkSzFlcUtBc2duZWg2QzNOTU5WT21HeFJYRFlXcE56dVZYMVZwb0hPMkl0dXRfV1pjSGJIbEFPQmVOaVF2aUUzN0VhOERRTXZzNHB0aFpMa3pQbE9kNEZISEU2VndURXJlY0lGRVAta1FwM1dQMkt3clF2SlN6UHpsc0Fia0JyRi1PejdIV2hTS01uMnjSAcYBQVVfeXFMTlJhQjkwNExMOHl3cVRreldTLUxjT1Q1MWlUc19WcHRlZDNjRU13UVJHV2stcHluRFVnLWVMTG8yZURTSFJnb2hHUk93SHRDX3NLR1M0Mk85Ync2ME5DVWJHRldqQkZLeVI1R19jRWY2T3RkZ210S29YdVJQU0VOOWtfMGFRV1dOVjdiQXF5YmEzYXBOS3g1c0FYbXJvLWFFUjNOSFd5RXNxUTJFVzJoak4tWGdVWFNGTi1kTVVPWVNZVEZycjlB?oc=5
"Lockdown lifted at Florin High School after bomb threat, Sacramento deputies say - Sacramento Bee",https://news.google.com/rss/articles/CBMibkFVX3lxTFA1V3lNTWgwRXJFYk5KMTFBVHFaMUZLQkVqbTMyUmVTZU1HM1p2UGVQTVUzY3VtSUEyemFWa1Q4UkN5dVRWUWxXcjU4cjg1R1dRNXN6Q2EwNTE0eHB0cWRWWWZDYXlfejZpMFZDODhn0gFuQVVfeXFMUFBTNTZRZ0IzWWNmakI5eGxLZzU1MGRncm5IWEdqeEZBOVowMUhiSU94RVVaLXZNcXNuMF8zaGNzN2ZoMGgxemlqRkpsdm9LZzF1M0RRUV9YMmpEdnljeDAxYjQ1LU9OOERnY1R1QlE?oc=5
Lockdown lifted at Marysville Pilchuck after false shooting threat - The Daily Herald,https://news.google.com/rss/articles/CBMiigFBVV95cUxPM0hIeFpZckVTdlFVMFBJQ2VnbkFvNHVNR3VpcTJzRUREY05PeEFENkFjekREbzQzcEQyZ3RaRUFobHVMRTNxcGx0ZzBfazM4NWpmaFdUMllySUtCZ1Roby1UNWVyenNJdHFiZUprMGs3bzJpYWVnZkdJTndCTU5XRVAwS3NXRndFR0E?oc=5
