Title,Sumber,Tanggal,Ringkasan,Link
ChatGPT’s AI search engine is rolling out to everyone - The Verge,"{'href': 'https://www.theverge.com', 'title': 'The Verge'}","Mon, 16 Dec 2024 19:52:35 GMT",ChatGPT’s AI search engine is rolling out to every... (Sumber: news.google.com),https://news.google.com/rss/articles/CBMikwFBVV95cUxQMWdQZ3ptdVFURDFKb2h2eUh5RjkxRE5yS0pvZXVqNm9ET0RVa3NrZ3dFSHN1UEY2ajRXdFkwZ0xsbG5WWUtyaDctLUZabC1qTThkU2xZT3V5SHFJdnJyRjJ0VWdxXzFWVXRUcWNUUXZCRmZQcXo2SDRnVzFTY3B3ZnZMOEJXMjNMeXZoQk1VZ3JRMTQ?oc=5
ChatGPT Search is now available to everyone for free - 9to5Mac,"{'href': 'https://9to5mac.com', 'title': '9to5Mac'}","Mon, 16 Dec 2024 23:20:00 GMT",ChatGPT Search is now available to everyone for fr... (Sumber: news.google.com),https://news.google.com/rss/articles/CBMiYEFVX3lxTE9sVWR5Y2Noa2ZycUhEV25pOFJnZDc5RGFkU3V4RTdhQVc0aHZsLWJpUUl2Ti1KN1E1Y2F0QUFQV1hqTUdibzY4Wk42ZFFaZWhENTZJLWRza05qX2N5SXZkZQ?oc=5
ChatGPT search opens to all users in challenge to Google - The Jakarta Post,"{'href': 'https://www.thejakartapost.com', 'title': 'The Jakarta Post'}","Tue, 17 Dec 2024 08:56:30 GMT",ChatGPT search opens to all users in challenge to ... (Sumber: news.google.com),https://news.google.com/rss/articles/CBMisAFBVV95cUxQU0NuaDNHbE5IRjFkaElXbDdpQ1htMUw0c053R3N6R3kzZmZXcm1wUUNXTmhkVHJmV3pFRklVRk9sc19YbXdJeVdhZWc1Y3YxTkx2cS1rb2cyU1J4elFhT1RPRE1VMDhseXo1eTZSLXBwaU9FRm12M3Fscy1tT2taY1FXSGttMWZMVWVPc0pEdnJTVTNIZm9zN0dPLVk5aE9DdVBlMlZVSXZ4ZUxMV2pVeQ?oc=5
ChatGPT caught lying to developers: New AI model tries to save itself from being replaced and shut down - The Economic Times,"{'href': 'https://m.economictimes.com', 'title': 'The Economic Times'}","Mon, 09 Dec 2024 08:00:00 GMT",ChatGPT caught lying to developers: New AI model t... (Sumber: news.google.com),https://news.google.com/rss/articles/CBMihAJBVV95cUxOUXZ4UUJjYzBuNFRqWE9kcWs3QXNUOU9NOXR2UXdpSTR1Z3ZEcHo4cHBPSE54QldiamxWbUJwUHRNTjF6ZDFGelFNNlJOazVIYnF2Qnc5T1hCTmtZV2E2QlROVjd5aGQwdHY0NC1iWDVLVjVTd1duRUVVWm1FdVpfVWtia2FyZEtaWTAzNDMzWlV4T0xxM0xZMlVkOW44NS1iblFuWGdxT2hfcml6US1FOXJCNEZJWjlNaDN3ZDFLY19OdngtRmZkQ08zSy1yeW55MHhuQ2o0d2FnU0N3TUVQQld1LXU3a2dUdUVVaHc4ZC0waTVuSE41eFVMU2ZlV3c5MklRRNIBigJBVV95cUxNZEItUU05V1dPTk5CdjRUQ1U1YXAxM2EzUHNYWWtrSTBUZXgtSUpWWmlaUUJacHVNb3o1cmdRSzc1eVZwQjhJTnA4YzdSS1YwaWxJUC1NUGJwVGdoR0FxakpJLVJUMVBVRjdSZWJKam1Wc2tXanJBWFYtOGc5RVBnZFZQTkc5RDBpd3MzZGx1b1ZNWDZDZ0JCSWhlS2xjbEpaVDdpb3plcUQzTjRLYnk1SldkLVhSYWdxeEl2bFFBaFl2NUFubFlzME1BVTBBMEhoOXcwTXloU3oyN20xd2ptcjNDNWV6SmZIQVIxbHNGZ3Bqa21ZY1VOWUdIMHZ0U0J1Y0czWjJnNmpmdw?oc=5
"Apple just brought ChatGPT to iPhones, iPads, and Macs. Here’s how to make the most of it - Fast Company","{'href': 'https://www.fastcompany.com', 'title': 'Fast Company'}","Sat, 14 Dec 2024 10:06:24 GMT","Apple just brought ChatGPT to iPhones, iPads, and ... (Sumber: news.google.com)",https://news.google.com/rss/articles/CBMirAFBVV95cUxOR0Q5RVIxeW11UGJPbTR3VWFNNFhhekRlVEREVXpwZm9KR01zdDRlWEwySDdlRkNDNC1lSkREU1ZwdEhCZ2RzcnFpUE1ZNDc1QXNaaFloU1RxWnloQUhRcC1XekliRFVTMUh2UE1XMHdfQ01WaXh4eVN5TEtYLURpc25MMmJMSFN3em4wVk9faDBuREhVNW1XQlZ5bHhQMEIza3pCbXZMYW1HMFV6?oc=5
Elon Musk adds Microsoft to lawsuit against ChatGPT-maker OpenAI - BBC.com,"{'href': 'https://www.bbc.com', 'title': 'BBC.com'}","Fri, 15 Nov 2024 08:00:00 GMT",Elon Musk adds Microsoft to lawsuit against ChatGP... (Sumber: news.google.com),https://news.google.com/rss/articles/CBMiWkFVX3lxTE92S2NtY05MUGZFNm02Z1dwSnppRThqZlhiOWNBR3ZFTUxJOS13RWR2VExYVlhnWFlTTmI3bTB6clNlaUlEYlRqSUFfZENxRjVSRHFuT2R3Y0hhZ9IBX0FVX3lxTE9kWk5LeEt6QUp3QkhRQmd1elU4bmxoQmFfdlJrWVg0T2JXRmVvRVY2Ymt6ZXRyMURqMDRXWUptd0UxSmZabkFmZjN5clBLTjFPUEFYNzZmX0FhSXBLU25R?oc=5
I'm a ChatGPT power user - here's why Canvas is its best productivity feature - ZDNet,"{'href': 'https://www.zdnet.com', 'title': 'ZDNet'}","Mon, 16 Dec 2024 10:20:00 GMT",I'm a ChatGPT power user - here's why Canvas is it... (Sumber: news.google.com),https://news.google.com/rss/articles/CBMipwFBVV95cUxPUUpxYzN4UmxHbmc3enI1Y3Q3ckhFTWpTWFNNNVdSQWp4SlVzeHlJM05BMnNnX3l5V1otbzFFZmZKbHRkMVRKbXprMGp3LWxCZHFhSDYwOV9McjZUbkJQUGdKNkwtdENSUmhJSHhmc3lNUi1CU3NkZTRTWGU5Uk5IdmthaUJ6T1FQZGNyY1NEWW5oZURMVF9TM1RMUVIyakRLTEhXU1A1MA?oc=5
ChatGPT and Sora experienced a major outage - TechCrunch,"{'href': 'https://techcrunch.com', 'title': 'TechCrunch'}","Thu, 12 Dec 2024 01:31:30 GMT",ChatGPT and Sora experienced a major outage - Tech... (Sumber: news.google.com),https://news.google.com/rss/articles/CBMibEFVX3lxTE1QV19ON3RObkhxOG85ODFCU3VMaXF1ZWNSYVhNazgydkFKU0xQM2pJUlVJbTJ5SHRDaWZnTkpkWndsY01yeUpuQWJQMDNsRWdjMWpxMHQ1UmM1UXlkZFE3LVJmWXM4RDRBR0w1aQ?oc=5
ChatGPT Projects announced — and it's one of the most important AI releases this year - Tom's Guide,"{'href': 'https://www.tomsguide.com', 'title': ""Tom's Guide""}","Fri, 13 Dec 2024 18:25:14 GMT",ChatGPT Projects announced — and it's one of the m... (Sumber: news.google.com),https://news.google.com/rss/articles/CBMiuwFBVV95cUxNUTlzZm03bDNkR1pCYmZ6aWpvRnVQUXE4cXgwWURSa0p0cUk4ZlhvLWItVE4zbVJLY1Ewc1Z1Q2s3VU5DNEhzR0s4NmxvYlVwQ1l1UUtLS2o5dzFBTE1IVmZHRHRLaEo5bmxBN2ZVa2tBREp5d3JsRTFTbWVGbUhYNG5abkhLR1h2dkd1T3cxbWlZS3AzRnVZZ2xDNHVnQy1zUWhVeVcyNDEyNjF1Y3RGVUd2dEVOU3N0MmhB?oc=5
How ChatGPT Search (Mis)represents Publisher Content - Columbia Journalism Review,"{'href': 'https://www.cjr.org', 'title': 'Columbia Journalism Review'}","Wed, 27 Nov 2024 08:00:00 GMT",How ChatGPT Search (Mis)represents Publisher Conte... (Sumber: news.google.com),https://news.google.com/rss/articles/CBMihAFBVV95cUxNd1ZDNHNqcGM4TUpCcVBaSUpXODJ3MmQ5T1p1a0FGR05yUE1UWFd1OFdhZFdCOG05Uk80bml0YkFhZU02SFRuVFVMNTFTclVxVFZvd2c5NmdXR3FfVy14YTBPYnMyMzhzUV9ucnFWZlVraWlubFdDRTNOUmQ5ZjVGR0Q1czc?oc=5
ChatGPT Search Now Expanded For Free Users - VOI English,"{'href': 'https://voi.id', 'title': 'VOI English'}","Tue, 17 Dec 2024 13:35:00 GMT",ChatGPT Search Now Expanded For Free Users - VOI E... (Sumber: news.google.com),https://news.google.com/rss/articles/CBMiS0FVX3lxTFBVWmdkTGQzU2t4QnRrYWFfRzJYdERKbElPTE1XanNLd0RCX2xYb3NCNll3cU1kNFN1VGtlM2l3dDRUdFdCNF9aTU0ySQ?oc=5
ChatGPT’s AI Search Engine Now Available to Everyone - AutoGPT,"{'href': 'https://autogpt.net', 'title': 'AutoGPT'}","Tue, 17 Dec 2024 14:39:32 GMT",ChatGPT’s AI Search Engine Now Available to Everyo... (Sumber: news.google.com),https://news.google.com/rss/articles/CBMifEFVX3lxTE1rZFpNVE52NzZOVDlra0QwdkNrb2RYa2lacmxYdk5BeE52UkVfTHptWFNiNWx6bERFSkRVR3hEa3oxV0p4M0JTQVhxQVAzSXRFSE9RblhOQzV2elFYemFZNXpwZkllYXZQRVBod241Mjc2YXR4X0ZuU3FDTmQ?oc=5
My favorite AI tool of the year isn't ChatGPT. It's better. - Laptop Mag,"{'href': 'https://www.laptopmag.com', 'title': 'Laptop Mag'}","Tue, 17 Dec 2024 11:49:42 GMT",My favorite AI tool of the year isn't ChatGPT. It'... (Sumber: news.google.com),https://news.google.com/rss/articles/CBMijAFBVV95cUxNRmV0TlRpT083UVZ2VW9vb0gtTlBXUlFwa0VaVHg5SGpVUG1fRjZSb2RGVWtadWVRTGNtc2dWSFVGWUFUajF3ZjhXSFRRVHNFWGNoMnd6SWQ2cFlDM055VnlaLUhUXzNxU1ZpUXhZLWplQUhERGlsQ1cySk9ZWm4wMnR0WEhXMjJaZGU2cA?oc=5
"OpenAI Launches ChatGPT Search for All Users, Taking on Google - NoMusica","{'href': 'https://nomusica.com', 'title': 'NoMusica'}","Tue, 17 Dec 2024 18:21:48 GMT","OpenAI Launches ChatGPT Search for All Users, Taki... (Sumber: news.google.com)",https://news.google.com/rss/articles/CBMiiwFBVV95cUxPWWs0bmo5R2p5MlNCYkZGMEFXakx4eUJQS2ZwWUVxMHpldEhqeUJkcHkyZlZIOFE0VkZrM3JnMDhvTkhvZ3BPdlJzeGVIbHNxME1lcF9FRVB6NXRQcGRraWx2dUhxUnp6ak9oWDJfT2lqMVRlQVNya19IbkF0MmFUeVlGcWw4VHh0UTVv?oc=5
ChatGPT Search Now Free For All. Here’s Why You Should Try It - Forbes,"{'href': 'https://www.forbes.com', 'title': 'Forbes'}","Mon, 16 Dec 2024 22:43:59 GMT",ChatGPT Search Now Free For All. Here’s Why You Sh... (Sumber: news.google.com),https://news.google.com/rss/articles/CBMiswFBVV95cUxNckVxN2QxM0JzbVVESThsZkZQYlBVSW5Zbml6RkNxcTZfNTRMNExQUmZzb0gzWFZkYjhKWl9vUGNtMGNVTVV1WEVNd0pFWGJBdVFDbjBoUkllcjBuNHRtZnh1cUljN1JFSlozY0xVa090RGxiYUN2Q2g1YTJqN0RJLVg2TTZneEltYmVOUUR6NG4za1hpTmd2dldjZWhUZ2tERzF2bmxGcUFxRVVuYWV2Y01Wcw?oc=5
"12 Days of OpenAI – Live updates from Day 9 including ChatGPT, Sora, o1 and more - TechRadar","{'href': 'https://www.techradar.com', 'title': 'TechRadar'}","Tue, 17 Dec 2024 15:09:34 GMT",12 Days of OpenAI – Live updates from Day 9 includ... (Sumber: news.google.com),https://news.google.com/rss/articles/CBMickFVX3lxTFAtS3c2d0lhLXVpeU5DTFhINmdOc2lKZUFnUmxMcW9OZmxsWVEtRHNOSnY4bHg1cTdtUUZKdGxaWlhJakF0SlJodlVWZ18yVUl5QXVVSVQ0QzBrYy1xRG8yaVRUYTRMUnIwS0hqOGNGUmdrdw?oc=5
OpenAI Opens ChatGPT Search To All Logged In Users - Search Engine Roundtable,"{'href': 'https://www.seroundtable.com', 'title': 'Search Engine Roundtable'}","Tue, 17 Dec 2024 12:11:00 GMT",OpenAI Opens ChatGPT Search To All Logged In Users... (Sumber: news.google.com),https://news.google.com/rss/articles/CBMia0FVX3lxTE5qZW5mQkxGWUlQRXVQTUVIbUw2ZE5GemhXWTZDRkFEX1ZHNXVTZlp4Z1JzSUJGZDJ4LUZ0Y0xOcEpfNi1COVVIV2FFcDJwbTI1eThoanRBLWt4UXYwRXhJUm1qeWtobkRCZW84?oc=5
Searchquake: Consumers Now Consider ChatGPT A Real Google Alternative - Search Engine Journal,"{'href': 'https://www.searchenginejournal.com', 'title': 'Search Engine Journal'}","Tue, 17 Dec 2024 12:00:28 GMT",Searchquake: Consumers Now Consider ChatGPT A Real... (Sumber: news.google.com),https://news.google.com/rss/articles/CBMikwFBVV95cUxPdjlBNDB3YXdRVXlfb2JoNG5nWlBLdDNmNUtzMjBJQnk3M1F6dDk4Sk93U3E5aFM5SkpQeXFkWHBGRDFQX0NiR3B3MUVqUFg3dkQwaThSMjNXVzlQUFNQQ1NTLUlDdnZuZXZ2dmZrRGl0emx6b2tFbHVqYlJ4SXluN2V4ejdJSTlpT0YyeU93YnZsRFU?oc=5
ChatGPT: Everything you need to know about the AI-powered chatbot - TechCrunch,"{'href': 'https://techcrunch.com', 'title': 'TechCrunch'}","Thu, 12 Dec 2024 21:15:00 GMT",ChatGPT: Everything you need to know about the AI-... (Sumber: news.google.com),https://news.google.com/rss/articles/CBMiigFBVV95cUxNbjFHeTRrWGJTdk5ZcTBIN1ZUWl9sS0VkQUZhbGVnc1BmTThseF9oUzJScktSMjBtSTBHd3JKQ0JQUDlVTUZSMUxwajE4TXIwMlhlVVFNcFl5U3R1T0xlTF9RUG4xaFY2OUNlWEdOSWNJbVVQMWVUeVpTREl3X0ExaWNxanpTM2x1dXc?oc=5
OpenAI's ChatGPT Search is now free for all users - Techloy,"{'href': 'https://www.techloy.com', 'title': 'Techloy'}","Tue, 17 Dec 2024 12:05:56 GMT",OpenAI's ChatGPT Search is now free for all users ... (Sumber: news.google.com),https://news.google.com/rss/articles/CBMifkFVX3lxTE5IcFliWWFzR09idmRZUWxkaE5zaEd5bW1jZFB4d2c1RFBYb20wcmRpVFBVZzJ3eDdaSFRQZVpGY2s0eU1BNXhvQ3hDTFNBYUVfakozT2JHTU9jVzltTE9BVlk1Z3lrVm5ueGl0U2FLMFQ0YU1FNnd0cHp3aVdzUdIBgwFBVV95cUxOT0RQZlpmNlYyQ3BoQVhPMjduYW1pcHcyandYek9YZzRtNDhLaWZkYTlEVzAyNFdBWVJFQXg0Y3dNakROUl8wYWZCQ05veTU0VEsxMkgxS3Z4VDJWVUJ4eTBiREdnRWxxYVNidUJyRUNxMVlOTEk0MWR0NnNSZ1NXRDAtRQ?oc=5
ChatGPT search opens to all users in challenge to Google - 台北時報,"{'href': 'https://www.taipeitimes.com', 'title': '台北時報'}","Tue, 17 Dec 2024 16:00:00 GMT",ChatGPT search opens to all users in challenge to ... (Sumber: news.google.com),https://news.google.com/rss/articles/CBMidkFVX3lxTE1POWpmcnZ0VFFpU1NKc243YUpCYjBMX3lfajZBZ01qWVBYTzVNeDZmcVhjczE1RERXbmY3U0RURnVGblFGc2hrTkxYMUw5ZWk2d2FIRklOR1R6VHl4VUx1dnV4cFJnSlN2SDRHd2ZuUjNzSmI5WUE?oc=5
ChatGPT web search is now rolling out for all users - Notebookcheck.net,"{'href': 'https://www.notebookcheck.net', 'title': 'Notebookcheck.net'}","Tue, 17 Dec 2024 14:08:00 GMT",ChatGPT web search is now rolling out for all user... (Sumber: news.google.com),https://news.google.com/rss/articles/CBMimwFBVV95cUxOdktVT2dTbkRoYVdLYm80RHJWdkRaMTA4R0x5dHM2Tm1QLUlpR1JXNk9kRmlMTU1IQlZzTWhqTDFvVWttb21PRzJlUUpfNlpYY1N6ZEVObWZKNmJyWEpHSkZTWnVaY1JvaEhGelVUdEdfd180NUZoYjZ3QVR3azZobnhPLTVraFBuNUF2cnpoR3RTdVI0TGtlTVFpVQ?oc=5
ChatGPT search is now available to all free users - Search Engine Land,"{'href': 'https://searchengineland.com', 'title': 'Search Engine Land'}","Mon, 16 Dec 2024 19:51:00 GMT",ChatGPT search is now available to all free users ... (Sumber: news.google.com),https://news.google.com/rss/articles/CBMie0FVX3lxTFB0QWNCT2hxZkRGZVZtbk5USERDLWw0N2NCSmJvdjI4MnU0d0dLZzNiOGZlY3lya0xyLXVjUGFMSS0xa3Rxby16aDBfaFBFRjFMNmtOaUFmckRsakU5UVFlb3A4aVlRaXhzQjl5Z1J6VGlMbDZHU0RQQmNOdw?oc=5
OpenAI just made ChatGPT search free for all users — and Google should be worried - Tom's Guide,"{'href': 'https://www.tomsguide.com', 'title': ""Tom's Guide""}","Mon, 16 Dec 2024 19:49:31 GMT",OpenAI just made ChatGPT search free for all users... (Sumber: news.google.com),https://news.google.com/rss/articles/CBMitwFBVV95cUxPeUdyRTZ2bTYtd2t3YXJRN3NjQ2UzX0d2cF9HR2IyZi1OekNqOGJNa0ZSNUxpMGpEVU1LZVRsYmxUajJPVVM3MkNyR3d4TXJQcEVjR1dmdlhlN2czLXJhOVNrVUJ2R19EbVlybTZJWkdrX0IybDAtZV83aTRpSWVVWmUybi02UEVhS3FUbXJDcHBsOG52Nm13WFIyYjJoRkVHdnBTelhqODJuUWdqNzZPQ004OHE3OW8?oc=5
ChatGPT: How Search And Chat Combined Are Changing The Way We Explore - Forbes,"{'href': 'https://www.forbes.com', 'title': 'Forbes'}","Tue, 17 Dec 2024 17:15:36 GMT",ChatGPT: How Search And Chat Combined Are Changing... (Sumber: news.google.com),https://news.google.com/rss/articles/CBMiuwFBVV95cUxOUWMyVFREeHJtU2ZIUDdOS0l2eEplYUtRLTNUV0xGTkZtcjBHMjV1WXY3Rl9TR3NLYktGT2V1dk1lUW56OGExcmMzTzRIMEhDbjlMZnVaMlVjRHQ4bGpzOXBQNkpMUVdoOVU5V0FhVlJQTjQ0a3U2TFRGd1djUnB5TGMtZjFiczQyRFdyNU90TzB2X0FfNl9yTkFlYnpTVF9tOGNSWWRaN0gwdHhsRjJuRUoteHpHNkoxWmZr?oc=5
Search ChatGPT now available to free users on the 8th day of OpenAI - ZDNet,"{'href': 'https://www.zdnet.com', 'title': 'ZDNet'}","Mon, 16 Dec 2024 19:19:00 GMT",Search ChatGPT now available to free users on the ... (Sumber: news.google.com),https://news.google.com/rss/articles/CBMinwFBVV95cUxNR3ZPVl9LZGRPTVE1RmpVekVDcDJ4ZDFiUUVpSENJUm5vMF9pTUEwSW8zSjNNRlYtYklTVVhlTzdsN3R3bWtmQ241V3QzTlBub0h5TDRLQTJTVERMMjNhaWJ2NDJPQlJialR6QmdYb29DbjFTX1N6SUdaVzhPNGdJUlRZWXh2blo5RFVSY28wd0ttbXk5NGdMY1VUdVVqNWs?oc=5
7 ChatGPT Prompts To Make Older Relatives Smile This Christmas - Forbes,"{'href': 'https://www.forbes.com', 'title': 'Forbes'}","Tue, 17 Dec 2024 13:00:00 GMT",7 ChatGPT Prompts To Make Older Relatives Smile Th... (Sumber: news.google.com),https://news.google.com/rss/articles/CBMiswFBVV95cUxOcG5DNEwzajh0VHJRR29KRnpGVU5aM3F0Q284Wkcyay1IUEZkbi1ydnVNd2F2Y0NBaFFNV0UwUjZqTFFSYkJCY1E1YUx0NS13bERuNlY5X1JYaDM5M0VodnhObDNZSW0xb21pcmNTMFh4aUdPSFFWQlRVaDJBRGNpYTZhMVNXb19iekpMNFVkYTEzUEtMdkRMZlVmWDlEaVBVTmFZRDlub2tzME1OYXJfWEhDQQ?oc=5
OpenAI expands access to ChatGPT Search for all users - ReadWrite,"{'href': 'https://readwrite.com', 'title': 'ReadWrite'}","Tue, 17 Dec 2024 17:16:33 GMT",OpenAI expands access to ChatGPT Search for all us... (Sumber: news.google.com),https://news.google.com/rss/articles/CBMiggFBVV95cUxPdXF5Z0dFT2tyMmFOYkFxY1JRVC1rQ0tHM0dpelQzbks3TUt2SFhJZ1g0TUxjV2tkLWl4UXpwclpRTURfS29QSkpCQ1JaOGlRWkdITmFlcjYyVjh3M1NfaE9TRXU2NzNucDNDZXlRT2RGdXJGbmFvRjVSVkN1eEp0TEJn?oc=5
How to Use ChatGPT Canvas to Write Content - Techloy,"{'href': 'https://www.techloy.com', 'title': 'Techloy'}","Tue, 17 Dec 2024 15:50:56 GMT",How to Use ChatGPT Canvas to Write Content - Techl... (Sumber: news.google.com),https://news.google.com/rss/articles/CBMidkFVX3lxTFAyZWpEbXdxMG1IMlE2eHNNQVRYa3pWbEVHYjNoUlF1NW52cUpGOVNsWmhLekpFU1pCa0NYbURlWXRrNmdScnZRODJPQklFdXJheDBKell3QVJFaHhSTzRKbEdJcENmOWFKRzBtTVl5OHY0ODdIcVHSAXtBVV95cUxOOF9YeVpySTdBaGcxdENMcGU0STZjVmZET2gwTTJpaGsxaC14ZnpqQ2VoQllJYmRpQlpLUWtDYmJyekZJaFRxMmN3ajJLcVhLSUpyZmE2ZFZlQkxKYUpRWUJKc0VOS3FBX1owY3kyU2JRNEhUVkJUX3BLLWc?oc=5
ChatGPT search engine based on AI became publicly available - ITC,"{'href': 'https://itc.ua', 'title': 'ITC'}","Tue, 17 Dec 2024 12:32:03 GMT",ChatGPT search engine based on AI became publicly ... (Sumber: news.google.com),https://news.google.com/rss/articles/CBMiiwFBVV95cUxNZ2xWSGhmZGtSRi03bzN6VlF3bXNCNDEtcDBGc2FBakFPbXdzdGZqOVI3aExLRGZzNlVtdk42U054dlp5OUJUTi1sTXdOOVZmeXptcDIyYXlUVVo5aVVRTThienFla1V6SHhuZW9zWlAtVHNLc3o3WklaRTdtR3B2Y0wzTWwyUVp6czBV0gGQAUFVX3lxTE11cUhUa3YteGhSZDBNd2xWTVlnX1dLb2dmOUhEcnhoUXNJNnJnVmJLMlFVSUVkTjcteWJCalIzd0pLRHo2QUR3YkNSekFQeTAwNEIyWVpwd3VFOVBveFlxY2VkcVFXa0xoc1BCU3BZbDBNemY5bG1JaUlkek5TODdiVkdIZTByZW04RWJ3S1pjMA?oc=5
"The Name That Broke ChatGPT: Who is David Mayer? | by Cassie Kozyrkov | Dec, 2024 - Towards Data Science","{'href': 'https://towardsdatascience.com', 'title': 'Towards Data Science'}","Tue, 03 Dec 2024 08:00:00 GMT",The Name That Broke ChatGPT: Who is David Mayer? |... (Sumber: news.google.com),https://news.google.com/rss/articles/CBMilAFBVV95cUxNbFhJLWg0OThoWWVvNTRiaVU0WG1UZ2t1aWxSRVRWSExSUVpMRGV0S2RlQVRLWXZWeFRCcWh0aVRPR09mczgxbmlXOTVrN3VPQ2p4YjdweDBhNWFuVGstUWYyUVZsVHZJWlZmQ3FtZGROcVhGT2U5cUljSEsxa1U5bEhKOF9mOV9Vb19nazJ6TVNtMUJ5?oc=5
ChatGPT Projects are fancy folders for your AI chats - The Verge,"{'href': 'https://www.theverge.com', 'title': 'The Verge'}","Fri, 13 Dec 2024 22:50:09 GMT",ChatGPT Projects are fancy folders for your AI cha... (Sumber: news.google.com),https://news.google.com/rss/articles/CBMijgFBVV95cUxNaHZDekt6S2t6ZjVBV0oyMThXaUxOUHBKX0dzM0lLMjdaVElFbVRrVnlhQm9femk5U1lBLUhqaklYbmtPVE1Wc1dGVTNNMk96RDJLM1BRUmkxVzFlZk9oN2lMQjg4aFB1dW5QSElVTFRkRFdycTNfSG1hUnN3aWU4WE9lQ2NKUGd2Y2p5R3pn?oc=5
Why Does OpenAI Need So Much Money? - The New York Times,"{'href': 'https://www.nytimes.com', 'title': 'The New York Times'}","Tue, 17 Dec 2024 16:30:41 GMT",Why Does OpenAI Need So Much Money? - The New York... (Sumber: news.google.com),https://news.google.com/rss/articles/CBMifkFVX3lxTE1qUVZMNUhhUGlSN09SS2JQLVNQR1E3bEpiOXBxLVUtajRHZm1MNnBRZk90TWk1ZlNQbG0zRmFab1B5OHprSTVyNWNSYnlmeE1qc3JqNTVWM3kzSzlwQUYzMWpaZF9uSzFtWm5WSUpPR0FVWEhxLXRYT1g3VkxpQQ?oc=5
I Tried OpenAI's ChatGPT Search. Can It Compete With Google? - Entrepreneur,"{'href': 'https://www.entrepreneur.com', 'title': 'Entrepreneur'}","Tue, 17 Dec 2024 16:12:06 GMT",I Tried OpenAI's ChatGPT Search. Can It Compete Wi... (Sumber: news.google.com),https://news.google.com/rss/articles/CBMiqwFBVV95cUxPU2R3Z19sRlJ1UUhVcjVUMDdaS3NQbG1Zdm02QVhEalhjSlZEcnFocWFuUkJualo2TEVXQTVJSFFUck4wQzdoODVhZXNkdVBYTUhUMWIxaDM3cWtyaTdrc1hTRU1wc3ZRV1d5YUw4dHNISEtDOHpIcDF5ek94NlhpQU5VYW0xcXM0QlYtRmExa09GbHNvN3RJcXp1bjZZUDFTOU5wUTExRVlUOGM?oc=5
"I asked ChatGPT, Claude AI, Gemini, and Siri about humanoid robots in 2025, and the responses shocked me - TechRadar","{'href': 'https://www.techradar.com', 'title': 'TechRadar'}","Tue, 17 Dec 2024 18:55:00 GMT","I asked ChatGPT, Claude AI, Gemini, and Siri about... (Sumber: news.google.com)",https://news.google.com/rss/articles/CBMi8gFBVV95cUxQUFJEM0l0cG5nOXVqUmpWYk1rdXJ4ZjBmUFhlaUFNcWJwSjVoWTg3UVI2N3pld2F2Xzg2aUNRNUVhVVk3UEpuRVczZVZBbGwtVVVrd0Q3QjlucEI2anFPTnYyMmhxcjRSR0VMZUFuSzNlQ3RLSFMtYUhXaHU2RzN0UXVTSlNGd0pLaXZnTWJ2TXBVeW5JNlZvdVd3M05UbmRPVVJyUkZRX1NqcWhWT1VNYmt0OVUzQmhDWVZpdmhNUDA5NXpWUS1GZEpvN05SN2hwWktYRG9EWUN0Z0VPa01Semgwa3FJa281TjYtak13bHV6dw?oc=5
ChatGPT Search Is Rolling Out to All Registered Users for Free - Gadgets 360,"{'href': 'https://www.gadgets360.com', 'title': 'Gadgets 360'}","Tue, 17 Dec 2024 11:26:29 GMT",ChatGPT Search Is Rolling Out to All Registered Us... (Sumber: news.google.com),https://news.google.com/rss/articles/CBMikgFBVV95cUxNZVFqV2x1UWw2U2xzQnB2MWlySkF0RkwtVTRJbXktSWNrcTJQUDlGY2VFUmczMkFvRHMyMmNpNXczUXBGLWZsV1FTRGVMR0JnNFN2VGtjTzNlQ3RKdWtsUGh0eHVQVHc4bGpWSExvbDhIZDVaaDJILW1rTFVZMDVTQUFGenJpUUhyeXk3Nk9WcElzd9IBlwFBVV95cUxOLVRUSmJpZ1h6RUlRTWF4bGJ1OFlFWlZ6Nks3MmQ4bHdGU3RBUUI3QVhuY3NWX0ZpVGU5dkk3SVJxRXdrSTJFZGF4VkRNSlU1SXpyTl94XzlzR1dwdUlXQllnMjhIVERIZm0xM2c1aTVyZjI0cE1kd2ZtbG1uckI5b0tDMzU2bEZsTVloaERmMlFXMUpSU0RZ?oc=5
Inside the launch — and future — of ChatGPT - The Verge,"{'href': 'https://www.theverge.com', 'title': 'The Verge'}","Thu, 12 Dec 2024 13:00:00 GMT",Inside the launch — and future — of ChatGPT - The ... (Sumber: news.google.com),https://news.google.com/rss/articles/CBMikgFBVV95cUxNcjZmc0lzVmloeHN2MHF6blE1d1VfTG9sY0ZuLXlWUEJ1VWNwbTVBTUdwRXNPUEI1QTR5WjhHQ0NVcF9jbFkxZWJMajF0RlJyUGRVbW5YQm1wb1BkOWoxX3BWWGd2VFZHZnZwb3pBZ21WdXZ6Z0NtMTFGNTJlYWpTbTMyeDU4V3dqTlRKZ2pfTGVLZw?oc=5
iOS 18.2—What To Know About ChatGPT Siri Integration And Your Privacy - Forbes,"{'href': 'https://www.forbes.com', 'title': 'Forbes'}","Mon, 16 Dec 2024 15:46:27 GMT",iOS 18.2—What To Know About ChatGPT Siri Integrati... (Sumber: news.google.com),https://news.google.com/rss/articles/CBMiwwFBVV95cUxPSzI1ZHBGSHBrQi1xeGliU3I4RW5qaS1ySFVTZnkxTlRpNExvajlqUjRacjIwZFcxV3Y5MWtLblV3RHpTWlZDbFZGRF9MNE13dGpYRzlXRXlFT3pOQkRkUzUzY2E0Y0xmQVZwYlVTdHoxLXNjejZWbGhiNzQ0aFB4YS0ydzFvck5RU3EtRkdkbHVhVzZJOVd2WGhmbHJkMWgtcTZmQlFWamRmOGNvM0lDSUxnRnRILWZUMTkwNVdEVGdrY1E?oc=5
New ChatGPT feature to end Google's search dominance? Details here - Hindustan Times,"{'href': 'https://www.hindustantimes.com', 'title': 'Hindustan Times'}","Tue, 17 Dec 2024 02:03:44 GMT",New ChatGPT feature to end Google's search dominan... (Sumber: news.google.com),https://news.google.com/rss/articles/CBMiwwFBVV95cUxNeDlzcW5qb3dJc3dzdmlrLWZ5czZ6MzFxNnVELXZzaVh4T2s2SUtBeU9tdkVrT3lsdmFRb2dIRzFDZVpEYl9JRm85cVdPMDlmbFhXVlloVUJyNk5tbVppMFlWeUxqbS1SR0lHUnBiV2UwV291aWFScFJPU2FWOXhYSmtpQWJmSjBpYkcwWFZXWXlPbWhlOHd0NHExemUyQWQ5bUxFMEZ4YW92Q3FlMXJrblhXenQtNk5OSG1EYzlscjNHUk3SAcgBQVVfeXFMTjNYb3MwTDV6NnhJMHN3X21mYW50MlVXS0FKbmlTUWlKRWprbE5WQUhvVzI5SHNhbjVhbzZTUWZfalRRbHBWZy1hMjE1RFd3aWZoZEpGWDd6NzQ4bXVHOXpmUjFQeGlWeE1tc1pIbWpZcUNlS1lrVXhPZFRMTE1qcVVLcXd0UmFWUDA2QWJCMTFMeXJRNkEtbERmQ2FfSGFCandVWEV2MXM2NkVoTUdQcWM3NVZ6YldubUN0bjZwWVU2aUlhUlhxYkc?oc=5
Introducing ChatGPT search - OpenAI,"{'href': 'https://openai.com', 'title': 'OpenAI'}","Thu, 31 Oct 2024 07:00:00 GMT",Introducing ChatGPT search - OpenAI... (Sumber: news.google.com),https://news.google.com/rss/articles/CBMiYkFVX3lxTE5wX0Mya2pYOEJaR2JQbkw4WE1SdmRPa0pSNVZCT0VsSFFIQ0dXZ1NtOXQ5clVZbFo3aFlwcjQ0VWlMYVpnYmo0MTFrVmlxdU9yUWZJbVI3MU56UkxzQ1FaSmxn?oc=5
ChatGPT Search Is Now Free And It’s Coming For Google - Dataconomy,"{'href': 'https://dataconomy.com', 'title': 'Dataconomy'}","Tue, 17 Dec 2024 11:29:17 GMT",ChatGPT Search Is Now Free And It’s Coming For Goo... (Sumber: news.google.com),https://news.google.com/rss/articles/CBMikAFBVV95cUxPdGZpWklVZ0lYR0ZvV3hQME1mV1M1eUtCY2hzTWxHUEQ1STNLWnRfZ0pFaHlpZGswT0xya2tEMFJ2ejF0aG5MeFNvX2llZUtZOWlJV1JVTWFnRlVWMW1uMlFlXzhfVFpDTVZtU3VTUzQzdVlyTUt0NFB2TTBxbDBHNzZrRHhWSTR5Mm5qcFJmZEs?oc=5
ChatGPT - Britannica,"{'href': 'https://www.britannica.com', 'title': 'Britannica'}","Fri, 13 Dec 2024 08:00:00 GMT",ChatGPT - Britannica... (Sumber: news.google.com),https://news.google.com/rss/articles/CBMiWEFVX3lxTE9MaUozdjdvek1BazVER3BRbWR3SnNVMTJCcUJRbjROcjZ6WG9tZDZXOFZUdVZ6Um1OOUtNZWlXN2VSUGxKY2ZSVHA1d1ZFbW1SVXZnWks1RC0?oc=5
ChatGPT can now see through your phone's camera and screen — one of its most impressive features yet - Business Insider,"{'href': 'https://www.businessinsider.com', 'title': 'Business Insider'}","Fri, 13 Dec 2024 19:10:00 GMT",ChatGPT can now see through your phone's camera an... (Sumber: news.google.com),https://news.google.com/rss/articles/CBMinwFBVV95cUxNT3ZBU3YzOWRaMUJSb3BQQkViLS1jZ01adjUyLTlMRllXVWtrRkVPOVhFN1gtVHA5Z3NXWE00SHR0b0EtT1NoODd3THk4VlZXNHE3MTlBdDJLUWp6ME5SanVRM0VGYjQtaTlFTHYxSWNidjFmYVh5VEMwZ0lva0paZ1kySjc2dDZ2U2tmMGk4elNaZWx2MkQ4U29oeDhRRFk?oc=5
"OpenAI Expands ChatGPT Search to All Users, Challenging Google's Dominance - Yahoo Finance","{'href': 'https://finance.yahoo.com', 'title': 'Yahoo Finance'}","Tue, 17 Dec 2024 11:49:31 GMT","OpenAI Expands ChatGPT Search to All Users, Challe... (Sumber: news.google.com)",https://news.google.com/rss/articles/CBMiiAFBVV95cUxNMHRVY2szNEcxQ2JaWi1qb1VrWElsdkc4bi0tX0FiaUdtclJkeHRRVkp3aW5mUkN6NmxnT05TbXh2a2ZFQkJIa21rV3FMRWwyQnZ2dmtpa0NYQy1RVF9KM00xLVpXSmlWc29fV2NnNU5uSGREQjM5cks2TFpvLTBFNXNjWHFDZnhE?oc=5
"What To Expect From OpenAI 2024: ChatGPT Upgrades, New Tools, And How To Watch Live - NewsX","{'href': 'https://www.newsx.com', 'title': 'NewsX'}","Tue, 17 Dec 2024 18:12:00 GMT","What To Expect From OpenAI 2024: ChatGPT Upgrades,... (Sumber: news.google.com)",https://news.google.com/rss/articles/CBMiuAFBVV95cUxQR2pla2NpUElaRy1IdWt2a0RCb0hNb3FVN3NJT0tvMThzbkRXcHpXMXo4ZlE1bEFmRWVMUnllQW9RT2lVNE81ZzQ2b0ZpaFpPYl9MUklSa1F3d3RnUW1wZi1BV2RNaFhXVV85RzdJUExJdkhBT3ZJdFBGVzFEUXJEdU93TlBFWTVWU3ZGWHdZRXJiQnl4dWFxWWloWFpPc3l2RU1OWnJXanRuUU1PeWk5Ukk0NF9zUm1O?oc=5
ChatGPT Won’t Say My Name - The Atlantic,"{'href': 'https://www.theatlantic.com', 'title': 'The Atlantic'}","Tue, 17 Dec 2024 18:07:28 GMT",ChatGPT Won’t Say My Name - The Atlantic... (Sumber: news.google.com),https://news.google.com/rss/articles/CBMikAFBVV95cUxOalJ1Z1E4NHFSMTJGWW9NaENSRUw1N1VkVEhxTkdoS19JWXR5Y0Fmbjc2RlZINDNKY19kWnNkeXVaZjJMSmRDVENBSlJVSzNnWW5yeXBoQmVBbWQtQS1OYUNlcWVJZ25vRUo1TE16dC11RlJQeHpjd3NTWktTYU93eUVtY2EyTDg1M0cyblhTOUI?oc=5
ChatGPT search engine gets roll out for all users ｜ BANG Showbiz English - 共同通信,"{'href': 'https://nordot.app', 'title': '共同通信'}","Tue, 17 Dec 2024 12:00:00 GMT",ChatGPT search engine gets roll out for all users ... (Sumber: news.google.com),https://news.google.com/rss/articles/CBMiT0FVX3lxTE1MN0MtUlh3bXUxNnJsZjljRFlnVG5fbWpJVW1KblNsNDhtbmY0R29za2VMR0ZmYlA5dUJyT09ublo0ZElMTDZoNjVycEh3amc?oc=5
ChatGPT Now Lets You Search the Web With Your Voice - PCMag Middle East,"{'href': 'https://me.pcmag.com', 'title': 'PCMag Middle East'}","Tue, 17 Dec 2024 13:08:21 GMT",ChatGPT Now Lets You Search the Web With Your Voic... (Sumber: news.google.com),https://news.google.com/rss/articles/CBMijAFBVV95cUxPUlZfSHlEUGRlVTRSU2FqTG50V19MbnJacTZmX1RXeHd3cU9jVWZnRjREclhzQnVYcGROVWg3bnk5VkpTMjJ2MGszNEZ5eGwwd0dHN0s5ZzdvVmoydjl5c29xT3JOUF90bVpocEVNVV84RU1YS185bHQzcXFoTElUMFA2TTVEYnNBR3JoSQ?oc=5
"I pitted ChatGPT search against Perplexity to see which was the best AI search engine, and the results surprised me - TechRadar","{'href': 'https://www.techradar.com', 'title': 'TechRadar'}","Tue, 17 Dec 2024 16:41:04 GMT",I pitted ChatGPT search against Perplexity to see ... (Sumber: news.google.com),https://news.google.com/rss/articles/CBMiggJBVV95cUxOMXJfVXVUZFoxa0wydEdMaE55R081UXhKZG9uV2xDdXZhdXVkdWVKd0dRQXlKczNMclFJREtIN1dXVExqQ0swMVAtRGFKbW5PSEJfNGEtcVZqVmd0VDRKYmJjUFBqUF96YVJCclhnTW9CeGFoODVWZWRlRVBibXpmM3h3aTBqTUcyRnFiWU1IV0xjX0paMWxfYjRMeGxGbTFmRjYxck9uSEg1cEZJYTM4SEhWZnQxNS1QMmY5UHNVSFlMUUg0U3BTSXRWenpMZnJ0dFlWVGwxellmc1lOTjhMeEdDREE5aVNHU0FJQTVtTEtpN2Q3Wjl2Z1NxWlFZaXVVS0E?oc=5
Mastering Image Generation With ChatGPT: A Beginner's Guide - Tech.co,"{'href': 'https://tech.co', 'title': 'Tech.co'}","Tue, 17 Dec 2024 15:28:31 GMT",Mastering Image Generation With ChatGPT: A Beginne... (Sumber: news.google.com),https://news.google.com/rss/articles/CBMiXkFVX3lxTE45NUhOZ253VXBNT1VQY1VYYWJidUduYmlTOUVaZVl5VTRUYWdHT1czWXlLQzBrNzRndGVHZUhGZjV1bDNNWWk2VFA1RGhORUVqNlZrU0lnTGk2Wml5VXc?oc=5
"OpenAI launches ChatGPT Projects, letting you organize files, chats in groups - VentureBeat","{'href': 'https://venturebeat.com', 'title': 'VentureBeat'}","Fri, 13 Dec 2024 21:56:23 GMT","OpenAI launches ChatGPT Projects, letting you orga... (Sumber: news.google.com)",https://news.google.com/rss/articles/CBMipgFBVV95cUxPRUFoa2Q2V2l4M2x2empGV0lJUVNGWl82UnlLQnBEN01jVXp2WlJUeV9mcVJCNXhBcVItWFBqZzc3UDkxQVlrY04tYnNpR3VJMFZ3VkZYbFZDSkJ4SWNEWHhsLVMxQUR3UVpBRHBicDJ0RmI0RjdGZWpVRWwwTlZ4aXRDR1JmVW92cGw2V3dPT2hOSEV1SlJFbG1HY0xMVGR5aUpGRWpR?oc=5
Live Updates: 12 Days of OpenAI ChatGPT announcements and reveals - StartupNews.fyi,"{'href': 'https://startupnews.fyi', 'title': 'StartupNews.fyi'}","Tue, 17 Dec 2024 17:19:04 GMT",Live Updates: 12 Days of OpenAI ChatGPT announceme... (Sumber: news.google.com),https://news.google.com/rss/articles/CBMiogFBVV95cUxNdFNCckJHTE1Rd0MtV0hReHJzb0JRcHNZSU9PbEp1cjF0Y0c5OUxzaXotSmZ2RWpwMG5IYjhoZ29SeXpTT1ZFbktUSERMdzdLRWtsQjNNdHJVZUk4VDNpcWpGTmVRZEhxSkNEWW9VWHF0OHlDUmNkeTlBUl94bURmS2dNS3RCQl8taV8wLU5PQkd6Si1jVlZ0YU9SNF9DSVNobmc?oc=5
ChatGPT’s search surge: 1% market share predicted by 2025 - Search Engine Land,"{'href': 'https://searchengineland.com', 'title': 'Search Engine Land'}","Mon, 16 Dec 2024 21:47:00 GMT",ChatGPT’s search surge: 1% market share predicted ... (Sumber: news.google.com),https://news.google.com/rss/articles/CBMifkFVX3lxTFBnVU1Scm5OSkpKSWZ3Rjl2MldZc2xSN3NqYUg3cEhhY1J1XzItY1JvWlVLaVJseUt4azc5MG9oM2xrQk4xUWJrQ2VXUlhfUFFoczdRUGZUQzBJSWY4U1ZmdWdZZG1ObjdhUWVJZ3NlLVBfRlhQYmlDT1luQXJYUQ?oc=5
"ChatGPT now understands real-time video, seven months after OpenAI first demoed it - TechCrunch","{'href': 'https://techcrunch.com', 'title': 'TechCrunch'}","Thu, 12 Dec 2024 18:01:06 GMT","ChatGPT now understands real-time video, seven mon... (Sumber: news.google.com)",https://news.google.com/rss/articles/CBMitwFBVV95cUxNNWNieXVRZTZXWnpUQ1NQUE9pU0NIYXR0RTJGSm9HTFdfdDVGQzVPUW15OGRPdDBELU96S21lRUswbVZxQmc5ZkRHeWRzMFdzUHd4dXdYcjZoeUpvdjhYTV9NZjJPdjdHTWNTcktDU0NyZlJvOGF0clNOVlBySFJ2YkFGOUNxZklDQ25vMFc5a0IzbGhMSWwyTGRXV0tBQzZibGdmVTl3YzlBNDNvSnZkU0hNYUVIdnc?oc=5
Sora is here - OpenAI,"{'href': 'https://openai.com', 'title': 'OpenAI'}","Mon, 09 Dec 2024 08:00:00 GMT",Sora is here - OpenAI... (Sumber: news.google.com),https://news.google.com/rss/articles/CBMiT0FVX3lxTE1LemxPNmRQdnVyOUJXNEpmQ3hUdHkxQjU2dTN6T29HRW91bjhQVElZV2lieUl0TWFhRlhZVFRpdzZaUDJkTDZ5T0x2MzhZQU0?oc=5
"Introducing canvas, a new way to write and code with ChatGPT. - OpenAI","{'href': 'https://openai.com', 'title': 'OpenAI'}","Thu, 03 Oct 2024 07:00:00 GMT","Introducing canvas, a new way to write and code wi... (Sumber: news.google.com)",https://news.google.com/rss/articles/CBMiV0FVX3lxTE5uOHZ6NlJ1QVJhTDJGQXo1dlJVY3ROaEQ4MXpsRWt6blR0UjNGb3hJT3hJdFM2VHQ2dUZjaHViMzhlMmZSdkJQT2oweWtSNEZxQXVQcGY0Zw?oc=5
"ChatGPT Is All You Need: SearchGPT Now Available to Access For Free, No More Subscriptions - Tech Times","{'href': 'https://www.techtimes.com', 'title': 'Tech Times'}","Tue, 17 Dec 2024 13:40:26 GMT",ChatGPT Is All You Need: SearchGPT Now Available t... (Sumber: news.google.com),https://news.google.com/rss/articles/CBMizgFBVV95cUxPb2d6MlhqMnA2VUtWTVVUb2tBRl85TDUtZURNTHR6eXlaQWFXSHktNzB3OURfdjBUMUNsTGJZdEhvaFUzNXB1X2ZsQWlvNHl4OE5lMHprdFkwYXZidTNIZmwzSVRGWDRvS2ZqczBtMzdCekVVS3NQd05NakpQWU95T3VTcE9XN1M4VzNkdmJvT1hXUDRlT01yZ1Z3dkxKd3ZQV2E0UjNOeWdfNFlROENCMklnT2EtUmRRVXB4MGFKc2tUQkozUmJ1VHllN3pwUQ?oc=5
ChatGPT search now open to everyone in challenge to Google - News24,"{'href': 'https://www.news24.com', 'title': 'News24'}","Tue, 17 Dec 2024 06:11:17 GMT",ChatGPT search now open to everyone in challenge t... (Sumber: news.google.com),https://news.google.com/rss/articles/CBMiowFBVV95cUxQRDZXM1JhSm41a1NONldSOGdWR3JsRTFvcU5jbWdqSVhQbFoyb1RyMVE5SHFxV3U3LXF2cDhfX1NxemVhWnhMVlBfelNILU1nVmswVTczZ0NxNVRNMTVWamlqaDhhaFk5R2trQXU1X0N3OFFva3hIMnRfbmhJQ0Q4Z1A0Vk83VjY1aGJwUzNwd3VYU0ZXQmg3Q2NMdVZ0dFFxX09F?oc=5
OpenAI blames its massive ChatGPT outage on a ‘new telemetry service’ - TechCrunch,"{'href': 'https://techcrunch.com', 'title': 'TechCrunch'}","Fri, 13 Dec 2024 15:12:42 GMT",OpenAI blames its massive ChatGPT outage on a ‘new... (Sumber: news.google.com),https://news.google.com/rss/articles/CBMipAFBVV95cUxPSkl5Wi0xZm9tQ2hYVFVjcXRENWpSX0EzaEFLRlZ0TnBYM3NMT3pIMkxncURhd2hSV0ZzLTJaT1IzaEJ0cEJVZ0VEQ2dGcFF6U3ZkVU94aVVjSVZvSjJ0UFJ5bEs3b0psYV9XQ2J4WjBFcU9DQzh1RE9fYkhjdGxjSHpUR3BfUEJGcGpmSXczRGJPU2dDZTNlWmM2bHVVeWNReDlCSQ?oc=5
ChatGPT Search Now Available for Free in Challenge to Google Dominance - Tech.co,"{'href': 'https://tech.co', 'title': 'Tech.co'}","Tue, 17 Dec 2024 13:38:30 GMT",ChatGPT Search Now Available for Free in Challenge... (Sumber: news.google.com),https://news.google.com/rss/articles/CBMiX0FVX3lxTE0xZWh2UGkyUmZKd2xYRWR0VGpWSldmVVdCaXZhanNUaHM4cjBKSXB1ZmU0VGcwV0IzbFRfemUxcUYxTU9yNmQ4YkZrZDJVNEtJWTJtUTJFdTIxcWt0ZVBv?oc=5
Apple launches its ChatGPT integration with Siri - CNBC,"{'href': 'https://www.cnbc.com', 'title': 'CNBC'}","Wed, 11 Dec 2024 13:00:01 GMT",Apple launches its ChatGPT integration with Siri -... (Sumber: news.google.com),https://news.google.com/rss/articles/CBMijgFBVV95cUxNd2wydUs4dDJWR2syVkVQT2k2Sk8tR19CaF9tVlhHWUR3UHJReEFwa1ExQ0RfMlZJekJkbVl6THhfWjc3WTUyak01WDVndTNWNUhNemhFWkNJVWppNVVjVWlqMkJwSml6aGU4X2NSajFnLTZkTUp3aHFBN2RKeS1nbmlXbFFsR1VWMFRwUVRB0gGTAUFVX3lxTE9mVE1DQ1lkZF9JRm5ORjFvSUhnOVZNWmVEQlR2ZUVrVlFQVFRKNnVWMUZndS0yUDhJQzVsMU5NSzh1QWtWelhxbDI1Z28zWmdaem5MMWp0SjNaanJPSHQ5VVVZY0d3Yi1lTHhjb0VreUhPbU5mUEdLbFRFcUJSbGNXTTUzTTJZTElSTy1MdzRMNkp2SQ?oc=5
"ChatGPT Update: Free Web Search, New Voice & Maps Features - Search Engine Journal","{'href': 'https://www.searchenginejournal.com', 'title': 'Search Engine Journal'}","Mon, 16 Dec 2024 22:48:57 GMT","ChatGPT Update: Free Web Search, New Voice & Maps ... (Sumber: news.google.com)",https://news.google.com/rss/articles/CBMinwFBVV95cUxQS2JBdVZuSmhSWEl5UTV6eFhESjlXUXFjUlNxdjVpM081NW40VzQtY0xhLUUtbWpTTDFITXRQeW5DcF9ldldBMTNHZWY0bnZfRE9oRm50SGpiMVl0b3J2WmlPd2twa0lpMm53QXFidmI4aU9taDNrclZpQ3JYMG55R2R3UW5DN21KeTV4d0M5N2tRaVNyREFZMEplY1dNZW8?oc=5
You can make ChatGPT sound like Santa Claus for the holidays - TechCrunch,"{'href': 'https://techcrunch.com', 'title': 'TechCrunch'}","Thu, 12 Dec 2024 18:40:01 GMT",You can make ChatGPT sound like Santa Claus for th... (Sumber: news.google.com),https://news.google.com/rss/articles/CBMimwFBVV95cUxPUlE5S2JZakd0ZGUyZGxMdlVtS1FpR1BSYVo4V1JnMHBRZEwtZmY0MlZycFQ4aXc2ZkxzYnlSR01hdDBFeUJUci12N3ZZeFptMElDaHQ3eGxqclpZcFB6ak5XNWRWdWdLRFNRSlM3QXBZT05EYXhVdjlGc1poYVdqdXBLSEkwaVJISThBUVVSdlhMWkM3NnYyNEw1bw?oc=5
"OpenAI Gift Wraps ChatGPT's AI Search For Everyone, Check Out The Demo - Hot Hardware","{'href': 'https://hothardware.com', 'title': 'Hot Hardware'}","Tue, 17 Dec 2024 14:07:00 GMT",OpenAI Gift Wraps ChatGPT's AI Search For Everyone... (Sumber: news.google.com),https://news.google.com/rss/articles/CBMibEFVX3lxTFBHMmRUSXlaeHZnb2RjWDA5SXpUZDliZ1RGZUxYTDRkM25jMVN0ajhnNHdoYnRTU0F1OTBERzRSTUIwVXRVTDEzWDFGTXZvNjgwTVc4eWZqQVlwUWZlbE5CZ1lFMWVqSUJqZFgxaw?oc=5
Google challenges ChatGPT creator for the AI video creation crown - PhoneArena,"{'href': 'https://www.phonearena.com', 'title': 'PhoneArena'}","Tue, 17 Dec 2024 10:51:23 GMT",Google challenges ChatGPT creator for the AI video... (Sumber: news.google.com),https://news.google.com/rss/articles/CBMilwFBVV95cUxQQ0F4dktEZG5PSy0zSi1wVUE0Z0oyTFd6LWNZams3Q3FXX1dJMzdGalEwNE0xSWh6OGlIam4wRHRFRmduZjBZRU9TTWxuNXYxUFk2T21EWW1GMlVmVGRIei11U0lOZzlDU0RHX2d2U3huQWFCX183bU9RU05sb1R4NjJyNDFtYzdLOHlFNU5ESjBjQ0JWdTRJ?oc=5
ChatGPT search engine rolls out for all as OpenAI takes aim at Google - Proactive Investors UK,"{'href': 'https://www.proactiveinvestors.co.uk', 'title': 'Proactive Investors UK'}","Tue, 17 Dec 2024 17:54:00 GMT",ChatGPT search engine rolls out for all as OpenAI ... (Sumber: news.google.com),https://news.google.com/rss/articles/CBMi2gFBVV95cUxOaWd2RUVzVU5FYTVjMDZxd0NqRmZENkZFV1hMcng5QXRscDlnME83MHhicW9wcDBQdnNuQXUwNmxVQVJMRWE5cFp5RUhiZlZMSHdpNkdvaC01eEZ2a0lfUGpJa2NhZUxJX3NTeFVzVUJCXzRoX0lBZjY5dnZRTmR0S2VwTDlEMUNBSHNTbXpaRG5PNGZ4dTJZREptRnNQdEZGY0ZmMXQ4R0tldHpkWFZnZ2VEd1pIRFVkSjNOMV8xb3lTZi02R1VvLUdfaURCZXoyVGxZVXVfbDZVUQ?oc=5
OpenAI Starts ChatGPT Search Rollout To Free Users - Lowyat.NET,"{'href': 'https://www.lowyat.net', 'title': 'Lowyat.NET'}","Tue, 17 Dec 2024 02:29:29 GMT",OpenAI Starts ChatGPT Search Rollout To Free Users... (Sumber: news.google.com),https://news.google.com/rss/articles/CBMiekFVX3lxTE5QU3ZkSUZIWDJLVHU4ak1sQzNGMDBSc3ZKeWZ3VFdiNXVGSjNVeU1EZGxPRi12Nlk0aWd2LWJSVWFxRFhRUlRKMHIyUHh0N2ZvYUxTY2RzYzZnaVJNQVVkQ0VWUG9iZF96RmlERklETl9Sb0FfVHlfUVp3?oc=5
"ChatGPT gets screensharing and real-time video analysis, rivaling Gemini 2 - VentureBeat","{'href': 'https://venturebeat.com', 'title': 'VentureBeat'}","Thu, 12 Dec 2024 21:55:49 GMT",ChatGPT gets screensharing and real-time video ana... (Sumber: news.google.com),https://news.google.com/rss/articles/CBMiowFBVV95cUxPcFpmeGFtU21Pd3ZfOENhSm02UWVxcGVZdzF6cFlVTTlwaTBaVHZzbGljMlJZMFl6LXY1OHg0c3VIX2Nyb19ObU15RlJQZ25QTTlDeEREZDdNZnFBVS1nRUpqMHF2Ujg0emFuMTc0TTFnQ0FWbHpCQV81TWxUNHlMVHViOS14Q0YwRHlfM0NDVnlWc0NRYUJyR05RQnJid3UweXIw?oc=5
"ChatGPT adds live video access to ""see"" what your phone sees - Axios","{'href': 'https://www.axios.com', 'title': 'Axios'}","Thu, 12 Dec 2024 18:07:13 GMT","ChatGPT adds live video access to ""see"" what your ... (Sumber: news.google.com)",https://news.google.com/rss/articles/CBMifEFVX3lxTE9lRjk1dW02TEY1Q21adWJhU2xvcWNQVzJCR3pGSGs4aVpzQUsybzZfcTNQRU5BWGdIWFU0dXZza2U0N2U1aEdSM0tEaVN2dnFXakRrZTZ3eU1YOGlGVE93VlJKdGF3ZGZVMUttMTlTcl9iYUFQM1ljTVZlNVQ?oc=5
ChatGPT’s Google Search rival is now available for all users: All the details - Moneycontrol,"{'href': 'https://www.moneycontrol.com', 'title': 'Moneycontrol'}","Tue, 17 Dec 2024 14:35:40 GMT",ChatGPT’s Google Search rival is now available for... (Sumber: news.google.com),https://news.google.com/rss/articles/CBMi1AFBVV95cUxPclAwWFoteXVVSzd1MDdPdTVrYnNGMHpsVHpPSzVhMUNjUkZIck92NEhoWk8wT3pQTFZGdm5JaWdwQnZsMDBMYlM1MGxabTNYeDZOZWZTQjctdGlKZ2ZfUlEwTVk1ZW5XWU0wNkpvVkt2VWMxU096MU9jajF2MlVVZC1FTUtvUzNuWGlFZkxMQkpWaDB4VFVLUmoySzhlVllqOG9EN21jREdRY1RabmJKNnl3NVZ0RzQ5aVZ2S0lCaUZLOUhSVUFhVlIweVowMnJZVE9NRtIB2gFBVV95cUxNWVF2TWs5aEtzVWV0RnVZSmItUTlseFMzemJLVFlXNWJaMnV6SHFMbFh1VXFyWThMLUMxa05LSlYyZFppYnFraW9JUjZ6QldhcUYyX1hmVjVtbVZPNks2QVJnMjl3T192U3BQV0Q4RmM4UXloOVQxYWVFaHdZWldYeGpXN0doUGstYmJSMFNrSWN6WFpsTVA5N2hnTnZyR3lPTHR4Mm9YZ1JlcFpHR1RrM2Q5Y01zTFRYSWtYWHoyaGJGNnFYQWpGRFJ3UXNIWVM4dTdnNGlnR29DUQ?oc=5
"OpenAI updates ChatGPT Search with voice queries, faster results, mobile maps integration - VentureBeat","{'href': 'https://venturebeat.com', 'title': 'VentureBeat'}","Mon, 16 Dec 2024 18:42:45 GMT","OpenAI updates ChatGPT Search with voice queries, ... (Sumber: news.google.com)",https://news.google.com/rss/articles/CBMitgFBVV95cUxPUDRHYUV1eXd1WklHMDE4Sk5kQ3NFaWFyR3c5NVBWdktZMUZBUDZBb0xua2FhZWs4dWVna1VocUpJQVVNQXdzSEItb1RSX1RLMG5vcXdtY19YLU5aZ1Z3cHNHSjlRMGljOThUTjJnTVJBQklJbWxSSVdJUHVfRW9mUEdCcUEydXl4X01tMUxqTDBjelNSTnI3aFVHU1A1WU5aQXB1YWxKaUVDeGZoVVV4ZVFYMzdEUQ?oc=5
OpenAI’s ChatGPT Will Respond to Video Feeds in Real Time - Yahoo Finance,"{'href': 'https://finance.yahoo.com', 'title': 'Yahoo Finance'}","Thu, 12 Dec 2024 18:49:18 GMT",OpenAI’s ChatGPT Will Respond to Video Feeds in Re... (Sumber: news.google.com),https://news.google.com/rss/articles/CBMihwFBVV95cUxNdDZRaE9NaFA2eEpWXzhlRV9BeFlBdHIzSnktQ0lvejFZT2Z2alJ1bThjLW5adWVRbHhTeExkczRSbVF0dVJ5SEZ4U2Q5M2JENV9icnhSalJfVnl1OVNNUWFMek13OElRZk1QYms4b2JmZmZ3LV95RWZrcXZGWjhxVnBlSTBHTms?oc=5
"Google's quantum chip, ChatGPT for Siri, and OpenAI's video generator: AI news roundup - Quartz","{'href': 'https://qz.com', 'title': 'Quartz'}","Fri, 13 Dec 2024 13:59:04 GMT","Google's quantum chip, ChatGPT for Siri, and OpenA... (Sumber: news.google.com)",https://news.google.com/rss/articles/CBMiiAFBVV95cUxNXzRYZG1Dc2Q2cmpobzJ4OWFCUEVSajI0QWZMQThUNHBlRjhmVXprbG04anlBV1FxUllWZEN4S1k1a1Z1ajdxaTlUN3RIYk9BeUVuRDA0Xy0wV1gyMlNmWklEa3dvQTAyVG1JZlZwcVhwNHB1ZW9VMWdHeXZfZ1VIS3hCMHp5bE5s?oc=5
OpenAI rolls out ChatGPT search engine tool to all users - Hexham Courant,"{'href': 'https://www.hexham-courant.co.uk', 'title': 'Hexham Courant'}","Tue, 17 Dec 2024 10:52:52 GMT",OpenAI rolls out ChatGPT search engine tool to all... (Sumber: news.google.com),https://news.google.com/rss/articles/CBMipAFBVV95cUxQc2NaQmQ0YU5Ua1FxeGhUN0tpcGdNeVJqaC1EallJTW1vZkJVZGo4WnV5c3pBU0RFRWpsNXZ5WmQ5VTFfeTlKWkZlRnN0YWRnSnlQT1l2elVVYk9obDRPX2ltYnNWQ05zU1hNTjQzSUFnUElYSWRrLTkxS3dQZV9RU3pQM2Vwd0dYRmZoT25CYXRUTGp4RmVJZzQ4WHNMbFNtVXZXWQ?oc=5
Introducing GPT-4o and more tools to ChatGPT free users - OpenAI,"{'href': 'https://openai.com', 'title': 'OpenAI'}","Mon, 13 May 2024 07:00:00 GMT",Introducing GPT-4o and more tools to ChatGPT free ... (Sumber: news.google.com),https://news.google.com/rss/articles/CBMicEFVX3lxTFB2c0xhM3JUcDV5STZNaFBLYm1JMFluY0owT1NFYjZQVC1lQWVHYlNmUXNxdGxEQWttXzJGZmwtbmpRYkUwVWpOTHFfVi1GcjctNTRWTDFMdnJYa2pqNlpwTjVYZml1a3JQRlZ1TWlzYTU?oc=5
2 ChatGPT Search features that might change the way I browse the web - BGR,"{'href': 'https://bgr.com', 'title': 'BGR'}","Tue, 17 Dec 2024 11:50:00 GMT",2 ChatGPT Search features that might change the wa... (Sumber: news.google.com),https://news.google.com/rss/articles/CBMimAFBVV95cUxONUg4dzlpV0RPYlJHdmtjZlpDQVpwRzFJSmNjR2k1QVhHWGgtS2dLQllXdTMtcjJCWUNrM0tCWHhFQ0lsNVY5VktFcHJqYy1RR0dvLTFjeWY4UWdvd2Q2SV93ZGF5NEs3QThfbWg4RzNqOEpVY2p2ZWRJcWRnd1FOalJQWXRPNEhkUWFHR1NmQjZiR3E0ekJJYQ?oc=5
How OpenAI Plans to Move From Being a Nonprofit - The New York Times,"{'href': 'https://www.nytimes.com', 'title': 'The New York Times'}","Tue, 17 Dec 2024 16:30:25 GMT",How OpenAI Plans to Move From Being a Nonprofit - ... (Sumber: news.google.com),https://news.google.com/rss/articles/CBMigAFBVV95cUxOXzhFUlRtVTRCdzI2cDhYS2ZFVXhHdU1lZV91aGpMcmxIRklMWFRJRGJyeExkeWFQZS1idWpGcm92dkZFRjlZVTJjX2lRRW9CMlBoY2tLLXMyd1NPUDBlaEtPYmRSWElOdFRIUmJfUjVwZkpERl85U21kMURwbV9QYg?oc=5
ChatGPT Advanced Voice with Vision just launched — here’s how to try it - Tom's Guide,"{'href': 'https://www.tomsguide.com', 'title': ""Tom's Guide""}","Thu, 12 Dec 2024 19:41:10 GMT",ChatGPT Advanced Voice with Vision just launched —... (Sumber: news.google.com),https://news.google.com/rss/articles/CBMiqAFBVV95cUxQNzl4UEhJVTBURzdJSGRKbUFtelE4QXhfUHp4ZWo4dHRpc0xTcmRmby1EQUdNbEowVFBZREY3Zlc3QXFnSWlVYVhaY1hIeHZkSDI3YVRrOGxPTWhEUktna2phWUpRV2FEQlJiM0dibktnRlA0eHZGTmhjWkh6R1A4dHlsR0xvbDJidVBXQmR5X1hLNE0xd0g2U05SYzhVcVR2bjc3Sl8wcm8?oc=5
"OpenAI launches ChatGPT Search for all users for free, continuing rivalry with Google - India Today","{'href': 'https://www.indiatoday.in', 'title': 'India Today'}","Tue, 17 Dec 2024 03:13:09 GMT",OpenAI launches ChatGPT Search for all users for f... (Sumber: news.google.com),https://news.google.com/rss/articles/CBMi2gFBVV95cUxOdmtZNTN0NFhyRHRqMWdsM1Z1TjJSMTNWOElvYWVlUWhqWHV3bzNxX0V0azYwUHZvU3RzS2N3S0kwQ2ZVc2l3UEItbmVlazk3QXJSbGZaNDV0a1RNM19SdWJmd3dJN1ZieTktN2dnRVZkZUxCdnFZMjgxWDB3djhRazh0WWx6aXk0U2tpRHlXanZfem9ma2dLSW1JcUpuUWVYTFZEbk9tOUtKSVZiVTVVODBFOEFlUUlxcHVqMkxsSWRPc3pDcW9Zc1UzY0w5S3pYX0RmQlgwa3lYQdIB3wFBVV95cUxQVUxvUUVTZ0FITHdrVVJQbEVWOXh1OHNXWl96OGZiTzRQQnNIWFFBbmZkazc0TXIxSTFLaFJmWGNMRks3bGczUDRuTF9oeGhnZUltbktUMXZnNmNMTF9XRVFJbmt1ejhsZk1OMnZqa2c4c19YeEVpRk5OY1d4M1lWdFVRdWhnTjZrWDMzWXZSdGVLRURWcFBpYTlzVEZ5Sk9fSUFScHpQT1hKRVQ0S1dfa2taQk4yZGstOExHTVU3ZzZvTi1SdW9mbGhsN1BGS3lnWDVhdnFnYmU2Q012MmM0?oc=5
"ChatGPT: Advancements, Benefits, and Concerns - The Khaama Press News Agency","{'href': 'https://www.khaama.com', 'title': 'The Khaama Press News Agency'}","Tue, 17 Dec 2024 16:11:35 GMT","ChatGPT: Advancements, Benefits, and Concerns - Th... (Sumber: news.google.com)",https://news.google.com/rss/articles/CBMidEFVX3lxTE51YmZLcnY4WFIzLUZOeVBZY1A3T3ZhTm0ybUJNT0xVYlpNV29KUlYwenloOTFWSTRvQnpsSkE2VkM1R1pvMC1GV2Z5YTR3TUtMWXNHV3ZqNDM5bS0yNGdMWUlEMHVGQjM0bF82V2Jhd3lJUGpj0gF0QVVfeXFMTnViZktydjhYUjMtRk55UFljUDdPdmFObTJtQk1PTFViWk1Xb0pSVjB6eWg5MVZJNG9CemxKQTZWQzVHWm8wLUZXZnlhNHdNS0xZc0dXdmo0MzltLTI0Z0xZSUQwdUZCMzRsXzZXYmF3eUlQamM?oc=5
OpenAI 2024 event: How to watch new ChatGPT product reveals and demos - TechCrunch,"{'href': 'https://techcrunch.com', 'title': 'TechCrunch'}","Mon, 16 Dec 2024 17:30:00 GMT",OpenAI 2024 event: How to watch new ChatGPT produc... (Sumber: news.google.com),https://news.google.com/rss/articles/CBMipgFBVV95cUxNMXd5bFA4N3JjNWZ6VHpfYXJ6SUhjdTg4Y3dTeXEtMHZKUkRHLTY4eHV6d0FiNUxJeDFrMWZCZi0zME5MRHNNR0ZzcUJfU0lITmo4OUIxeHZQc3BYMXd5MmwtaW1QV0pqQ1ZHMmlsRzZnLXJiakpHRHRPLVA0YmFfanh1NnlHNkRPSEFIQjloaWJBUmVWLXIzNFVTSGxTMUtxNnk0RHhn?oc=5
"Tech wrap Dec 17: OnePlus 13 series launch, ChatGPT Search, Google Veo 2 - Business Standard","{'href': 'https://www.business-standard.com', 'title': 'Business Standard'}","Tue, 17 Dec 2024 14:32:00 GMT","Tech wrap Dec 17: OnePlus 13 series launch, ChatGP... (Sumber: news.google.com)",https://news.google.com/rss/articles/CBMi3AFBVV95cUxNQS0tanhHR3QyUjh1XzdZM3dqLU9Cc1phS2lzc3VnTURZYzR3Z1dHem9jODc0R0xmSk5ITVBXZFZ2d0MwdXpUQ1BldHhZdHJ3bC1Md3NSTmxqbF9Pc054VlRpdjE1cXlTTGNWNW85SURnQTJGYlk1RFhiZUpvN0JKVjRLN2dYVjI4V1FJZTJ0T3BEYS0wNjltWXFLazRqRDZmOUJ0TE5fY0U3WjBPa0RtWEw2eVhZZktrei0xRE1RQVlXSDN2WVU3Rmc1cVlDUjVFX21xV2VwWGxtZ3BW?oc=5
ChatGPT’s Search Engine Is Rolling Out to More People - How-To Geek,"{'href': 'https://www.howtogeek.com', 'title': 'How-To Geek'}","Mon, 16 Dec 2024 21:55:00 GMT",ChatGPT’s Search Engine Is Rolling Out to More Peo... (Sumber: news.google.com),https://news.google.com/rss/articles/CBMiZ0FVX3lxTFBzUjdINnRTY1NhY2RwNjVjN2dWRFplUHBPZjNWRWtYbUkwdEcwb0t3QlgxVmNsTXBuYVpwc3c0WGVzbWdaNjhJVG05a1FOUUdKVy14TXl6WmVwQUpEOTR4RVd3SnIyOTg?oc=5
OpenAI Launches ChatGPT-Powered Search - EquityPandit,"{'href': 'https://www.equitypandit.com', 'title': 'EquityPandit'}","Tue, 17 Dec 2024 11:11:12 GMT",OpenAI Launches ChatGPT-Powered Search - EquityPan... (Sumber: news.google.com),https://news.google.com/rss/articles/CBMid0FVX3lxTFBOUDlxTl9ET2NHWmhhRTYzREVtSWhkb01UeFdQOXNOQ2pMV0I3bjFLem03WGJOcnhkSkxvTEo0Nm5zeU14eHVVNEI1OVlkZXcwNDQyMDFiV0lxTWtmRTdrNlBRdEFIeXBNOU1NWGtCVEd6c0xldEFz?oc=5
ChatGPT launches screen sharing and real-time video analysis for paid users - The Hindu,"{'href': 'https://www.thehindu.com', 'title': 'The Hindu'}","Fri, 13 Dec 2024 07:10:00 GMT",ChatGPT launches screen sharing and real-time vide... (Sumber: news.google.com),https://news.google.com/rss/articles/CBMi1wFBVV95cUxQVGVnUUREYlFINlNLMXdJLXlwWnlLc1BmS3FIRW9ycGsyVTNEOVR3Q3A1SXBrWmhjZ3l5OFdNZDBaem1qejhvaDRsSWFZa3RIdTl2Rm5qQ0FIdXJfaG5Zd1RKLW8wUzhXa1hFTlJ6T1JQTjFvMDNmYVVZWXVVcWlpUGRZb1Bfa2RrLXBNdWxMZk9pX1R2Q1EyWDBPSlNVZWhzSElwRzg3Ui1rVmxwTi1QVGdnVTF1dU8wbURTb2NnQTBoLXJBSFlkWTlQTFdBX2VPNkhvTDdfd9IB3gFBVV95cUxPWlNndzFpR21sdXIyMjJTUHZwTXhPeVk1QnVJQmo4d2F0THF2TmJYcHV0U3NlM1gxcmdCN2dKUkNPeDBuVFlvSzBVSEJRUjZEZWk4ZXc5TGhtZEZmWHRSWER5RElGRmxoUzFncFlQNmtYVWdNZWt2THh2TWtQUjlBXzI2NVBZTDF5VHU5TEJaNjZad01vaXlUV0tRY3hZN19RUmhRa1NTMUg5dnRyU0h0dGVyV0JraUQ2M3RjQktMVDVQT3dCbDBJUUR5dkcwWlpJazItVlVISnI0S1psMGc?oc=5
"ChatGPT Search Goes Wide, Now Available to Free Users - Gizmodo","{'href': 'https://gizmodo.com', 'title': 'Gizmodo'}","Mon, 16 Dec 2024 21:05:06 GMT","ChatGPT Search Goes Wide, Now Available to Free Us... (Sumber: news.google.com)",https://news.google.com/rss/articles/CBMiiwFBVV95cUxONEp0MFpqQmpRNmJzUWRPRDh0NF9IeEpHRWE2R18wR3c3TmZ6WU9DbUJLdTl5YnVYQV9Fck5aQmphRGQ5S2Z1S1ZtYi1OSEVTUE5PbGFjYzRRTFF2cmt4Ti1xUVQ2Skp5R2syV3RFRTNKQTBGZk5MNUh3Sm1jVXVULXpZVEsteXF5ZW1j?oc=5
"ChatGPT back online after global outage, OpenAI says 'we've recovered' | Mint - Mint","{'href': 'https://www.livemint.com', 'title': 'Mint'}","Thu, 12 Dec 2024 05:30:04 GMT","ChatGPT back online after global outage, OpenAI sa... (Sumber: news.google.com)",https://news.google.com/rss/articles/CBMivwFBVV95cUxQaXdFeFdtZ2RVTzJVZzQ3dUV4ZDg4cmhia0F5THFfaU40VWQwS0NvVHVacjBfZmFPU1NHZ3VvVzNmWDdVbDV1cVdKbEhsb1JpRl9oM2FuamlicEZlb2pxcjJIcWlYa2VmQmlaMHhjOWhIMlFhZjVXNE9pOVdmU1BHNHdfOERRNDQtVUQ5MzVManNPQ19SR1FPZXllbXhEbEdaRExQdzZZRDZiNVRqWXRCa1NKa0xUV21YWTZVOXFfWdIBxAFBVV95cUxQMjBMZmYydExPeU1oX2NjbjFHRjJyUGFjQmtzQXpyMmxqREY1X2kyamVQNm1vTVg1VTI2RWlEU1I5Tm13dkpmaVRwMkgzcnBPeXFlWnNmQnd3b2Z1a0V6c0pNVE0wLVFBWUlmenN6SVJwT2JGVWp6eTA3cnU0YmlTaUJHWlpWYUIyd2czaXhyOEFsaVpVZEJaRVhKV3Y3Rm9Ca05vVUIzODdlQjVwUjBIVzVLM1FIRHlXUVlCMko4allKdXVm?oc=5
"OpenAI Unveils ChatGPT Projects, Drops AGI Easter Eggs - AIM","{'href': 'https://analyticsindiamag.com', 'title': 'AIM'}","Fri, 13 Dec 2024 19:45:56 GMT","OpenAI Unveils ChatGPT Projects, Drops AGI Easter ... (Sumber: news.google.com)",https://news.google.com/rss/articles/CBMiogFBVV95cUxNcExhSmJjdnVEVENaNlBZN3RObElsbDF3cGFUZ0prZGZTb08wdWtDd0JfN2NoSk5nQmFFc0JRSVRSYV9wRUEtOEZrVk9KQzBxWTNzTUk0d09qb1ZxNGQwRjRMMGt2ZnV3aWExWjNvS2JoWndyck5pc0FSTTFqemxObW8tbzdnT1YycDBrSDVSakdiTXktbnpXTDlibGkyZzkxVkE?oc=5
You Don’t Need a Subscription to Use the AI-Powered ChatGPT Search - MUO - MakeUseOf,"{'href': 'https://www.makeuseof.com', 'title': 'MUO - MakeUseOf'}","Mon, 16 Dec 2024 20:54:00 GMT",You Don’t Need a Subscription to Use the AI-Powere... (Sumber: news.google.com),https://news.google.com/rss/articles/CBMidkFVX3lxTE9IVnRldnRZaVhJMzdaZWdLa3JvUkNZdm5mLUc4WXZlSGZFT2FrTC05a3BPOThLTHVrTHNrVnh1ODBQTWhoQU5kREMyOU5JQWowOU15N2pvRjg5bzV4bjRxUmY5X3ZQckVYUHRWdTI5a0dySm85WHc?oc=5
"Whistleblower's post on ChatGPT, OpenAI goes viral after his death - Hindustan Times","{'href': 'https://www.hindustantimes.com', 'title': 'Hindustan Times'}","Sat, 14 Dec 2024 03:21:46 GMT","Whistleblower's post on ChatGPT, OpenAI goes viral... (Sumber: news.google.com)",https://news.google.com/rss/articles/CBMiyAFBVV95cUxNTzZad0lfS3g1Zm83U0VNY0QwbkJsbUxSYjV4cTlzdnhhd21IYVV6Mm9jd1BuVFdNYkN5NXBqTXpsVXRoMzM0TWdOQW8wNW0tUWRKdGo4di1KemVmaEl1dVpwdk0tbHpCMnJqdkM2NmdYa0tPV05wYTN3ZTJjTDltNEtBZTN0MmtzRllTZFhZa1NJbXNVOE5jaVFMQ1RwOHBTWXNnMlhTMXJIdlQ4YmlOUUUzMENaeFJRbGVJMjV4VWNweEZpc1c2MNIBzgFBVV95cUxOeWZmVFFubklKZHJSS0NWZ2xrQkFUX1NwV05yaVJaWFQ4VHJTWml3R096ZGlySF9FR0FqNWFnd1Bja2EzV251elpENE9Hd2x6a0JmTEYxRTZRUzdZZl9sZzd0UGJaU3hDNTBwS3RKNnVvckpQbGZ1VS03bFI1SktGUXF5dmNxcURXcFdoaXAyWUMxcUlGanBIa3N2dU5TcFRwcU41UVE5TldXSFYxd1doRDR6d2tybUpSQXNmZGdCNnloa3laYkxFOEZwc3gxUQ?oc=5
ChatGPT Search is now available for free to all the users - Techlusive,"{'href': 'https://www.techlusive.in', 'title': 'Techlusive'}","Tue, 17 Dec 2024 11:57:26 GMT",ChatGPT Search is now available for free to all th... (Sumber: news.google.com),https://news.google.com/rss/articles/CBMiugFBVV95cUxQeXNFdHFZdlkzcXRjT2pQc3dQMDZrdExBRnNtdTJSQV9wd05KeEZNd1FfVDNKcHExVUhwazdWOEFwcS1JUjJuNTZiUHFrcElGbGVNWEpqVjVPaGlWWTZ3VjktV1k3c01yY1d3YXlRWEJlNXpWZUx6dGdrWWNUVjVfeVVlWFpDMGRxbUNBdVE5bFhPR05XeFVHOXcyWi03VnpQeEZ1d05PM0g1WGdHekU0RzRwc0h5eGRaSXfSAb8BQVVfeXFMUFVfY2JRa19CcVJQNFN2bnByLTlsQkp1eGxXcFFjejJTRmIwZVcxbVQzeWZOSDNEZGZfeEN5MDV0Q2ptYXI3bzNlOWRZZnVNbTlPd3N1TWlXMGFiQWFPMF8zOXUxcHFxNVAtQ0p4TGlWZmJrSnN4NkNDOGNYT3ZPVzU1VnJlYTE4T2VkbHd2U19jeVdjc0FrSmotUTBlZTN2UUtlQU4wS25aQ1JtU0dDc2tlMlRkUXBBdkNTYVVqRHM?oc=5
"ChatGPT’s refusal to acknowledge ‘David Mayer’ down to glitch, says OpenAI - The Guardian","{'href': 'https://www.theguardian.com', 'title': 'The Guardian'}","Tue, 03 Dec 2024 08:00:00 GMT",ChatGPT’s refusal to acknowledge ‘David Mayer’ dow... (Sumber: news.google.com),https://news.google.com/rss/articles/CBMivgFBVV95cUxQeDFoeHlRbTgwY3pVdVQ1ZHNlMldETFFES1BPX2xWS21UOTZTanREaHhwdnphSmJCVkxGMEhISHhkSUZjM1hOSlhFVjRXSUIxTExWT2N0UV95TUxhV29HMlBYSEg1ek1mZzJST1N0d1YtdmdBZGVqT3dLMG15dnhsMUFtSm5jMGM4QVlFRlFERVo1cmpEQzNfM0pqaWVkcnUyS09BWmpxaTRvMzhtQ1c4aEpEZURqcnpNMXRNektB0gG-AUFVX3lxTE1YeXlyWUVYMUdpWV9HUExPQ3IxaDEycjN0S19MeEJMV3g2c3hPVTRWVUNuTFJWSmJTdjFzNnJhZmpNcTZOTm9UbWJiQWNKYmZVaTNBTFNaNHZxR05HWUZxamVkVHlUazF0QUdxeHdpMzhVMXdHR1Jxb09nMDZNN1ZKLVBEd05YQWdFWTFVVVZGMl9nd0QtUnduekp5QjRHWURBQnVONHo2UU9fb3VjWWhKTGZGUjRyZTFSUklCaFE?oc=5
OpenAI announces a ChatGPT organizing system called Projects - Mashable,"{'href': 'https://mashable.com', 'title': 'Mashable'}","Fri, 13 Dec 2024 18:56:40 GMT",OpenAI announces a ChatGPT organizing system calle... (Sumber: news.google.com),https://news.google.com/rss/articles/CBMilgFBVV95cUxNS2pWbVB5di1sM1lBMWdsYV9sR2xjc2Zta25GelFuWVNUdTFWczJZRHBOTVQ2Sk5oTEZnNFEwUlNqbUlwOWFfYklrXzduQWJKZmxfYWNHN1lwenQwX1p2YlQ2V2JBMWxWS2lfUE94OExKZzE1Q25mSEIzX2hRUVp2SjZzTHBya3NLTk10dG1Ub1BFQUd2S2c?oc=5
OpenAI is almost ready to roll ChatGPT Search out to everyone - Engadget,"{'href': 'https://www.engadget.com', 'title': 'Engadget'}","Mon, 16 Dec 2024 18:44:43 GMT",OpenAI is almost ready to roll ChatGPT Search out ... (Sumber: news.google.com),https://news.google.com/rss/articles/CBMiqwFBVV95cUxNcTFnTmpyZUhGZlJLZVNUVVpCRXQ3anItSlhSLUs4R3JyUXhFdVpoRU9DUXJBNmpfNjNWYTVObUMzb0Iwcll1MVRnRWZlV201Y1NQbzdQVGI2MUY0Mk1qSkhHdWMwMWtKNkRwMWRCZVk1aGM5MW12VVo3MGZmNzJJS0Y2UDhKMHJiWW14T1dhLWRQdmNaN1FWR3E3MkVNRE9vQWtYOXg5dzNXQWs?oc=5
OpenAI’s ChatGPT Will Respond to Video Feeds in Real Time - Bloomberg,"{'href': 'https://www.bloomberg.com', 'title': 'Bloomberg'}","Thu, 12 Dec 2024 18:49:18 GMT",OpenAI’s ChatGPT Will Respond to Video Feeds in Re... (Sumber: news.google.com),https://news.google.com/rss/articles/CBMirAFBVV95cUxQSFBIZm5JZXJFN09VRFpPSWlHN25NSGlXc05RRWxsNFpiMWhHVTNaWUhYMmpRRGJYU2Jlb2l3NGMzdFVuZ18yLVFSSnhZY2Jid0NJT3dXZ3BTSjdRMWxIalJSUmM3X2xuOU4yc0c3QW95a1VsMGplbEZ2cWpyTW0tMkNZV3doVUlHU1YwbUVJak9STkVONkdndEdWWVVTaE9PYUU2SUY2SnZQem5T?oc=5
OpenAI says ChatGPT service has recovered after hours-long outage - CNBC,"{'href': 'https://www.cnbc.com', 'title': 'CNBC'}","Thu, 12 Dec 2024 01:12:00 GMT",OpenAI says ChatGPT service has recovered after ho... (Sumber: news.google.com),https://news.google.com/rss/articles/CBMingFBVV95cUxQX1hVbzRuRms0emZ2WnFjaVBOT3VBMDY3MmQtYzdOc3VIZkZwMWViSWwtYkdmWUV6T1B6NkNZYXlIdTZLTDhHNFlqWTRUS1lJTzl0eHlDaXNNT2dZamVsOHdqRVFDY2d0eTkyb3dXQklXcFFhZGVSS0Z5eXhNcmJpNDBHdXczMGhxRTVNWHpuakRTY1RGcmhpUDhZZEs3d9IBowFBVV95cUxOazliQlhrVUZrd1o2NFVBVW5wRFg3c0dqUmZKaEw0YmhXYkJwdUZ0VExXaVZQVG1KQTVpdlNfd2ZHY24tM3UtN0VrLVpZZFRjWU5BcDU2VV9mVURVTGJtZHRGUFlSeU13OE5VREd1MXlxa2tCdXNFQzIwWmM5RjNyMTdQVTdRV3UyUWZVMTFEbmZCd3M1SHJITHhxOGQ2bXJwUy00?oc=5
OpenAI Announces Twelve Days of ChatGPT Announcements: Day-wise Highlights - Smartprix,"{'href': 'https://www.smartprix.com', 'title': 'Smartprix'}","Tue, 17 Dec 2024 14:44:34 GMT",OpenAI Announces Twelve Days of ChatGPT Announceme... (Sumber: news.google.com),https://news.google.com/rss/articles/CBMijwFBVV95cUxPWlRLcmc0VEZEb2pfcmtWTVI1ODFOMTR3X0NhajJZVG5xWGl2bmNLbFpiT0lPdFFpZnloYXdMMy1WMUZEYnQyc0pPM0lhWTdyeEQ1dDlrZ0ZQMkNYU2dDVHQ2LXd6Vzk1NTNlckxwdnBwbDNYOFB5VUFNdk01WGxYQm5uWWQzOUIzeDVpWk1jOA?oc=5
ChatGPT's new Projects feature can organize your AI clutter - TechRadar,"{'href': 'https://www.techradar.com', 'title': 'TechRadar'}","Fri, 13 Dec 2024 21:00:00 GMT",ChatGPT's new Projects feature can organize your A... (Sumber: news.google.com),https://news.google.com/rss/articles/CBMiugFBVV95cUxNODRJUzRseUYxbDVXY2VJaVB6bkRkNWlZVTZqWGVCSG5VZWVoS1NOb0QtVmVEbjV5TS02WEw0N3djNTBuYnB3T3RUWnlFeE95WFNDNVlXX0RGUF9ncXdsdVNsXzFUV2tiMzFScnA3UFBPVWQwbUpTcXR4X2ZBX0FFTTZaVXVJTEdkWDZwd3lZLU81RmV1YXdPZzh6SWFLdFB6RzFIaVFPellWQ1RBZGFqZGYzOU5BUEg5ekE?oc=5
‘They didn’t vote for a robot’: Lawmaker condemned for using ChatGPT - WWNY,"{'href': 'https://www.wwnytv.com', 'title': 'WWNY'}","Mon, 16 Dec 2024 21:21:00 GMT",‘They didn’t vote for a robot’: Lawmaker condemned... (Sumber: news.google.com),https://news.google.com/rss/articles/CBMikwFBVV95cUxOLWlGQV9vUGdyNTV6V1ExSW01Ul96OHRmcXBtLVc5R2JYaS1VeFVNcEktSlItZ042V1BGY3lJWTVDYWtrTVd2dmdjVUZ3WEkxSDBpakxPZ1BzTGREZDdtNUV4SDFQMHhlTW1CQUg4c0dtZTg1Y2lJV2JTdkpodHVPNGkzVFdDQWRWazFuVUk3THg5cUXSAacBQVVfeXFMTUphMzh5Nmt3Y3gwbUVqVFRXelV4V3VOOFJZTGQtSzNhT3puVFNDRW9mM091SkNFVE9CamFBcHRhTk9mazA0ZWNiRWttSk9fWmxpWmRiOFdySHBZUllkRmlGOTN4VUc2V1ZxclR0cnhxM0JPalcxdGFwRWhYZzVLRFB3alB6WmhPRjBDdi1CWXBhYlMycldLSEVkYURrTk5aVHdzSU9iTkE?oc=5
