"conversation_id_str","created_at","favorite_count","full_text","id_str","image_url","in_reply_to_screen_name","lang","location","quote_count","reply_count","retweet_count","tweet_url","user_id_str","username"
"1846194823109530111","Tue Oct 15 14:22:01 +0000 2024","20260","BUAT STY BESOK BESOK JANGAN COBA COBA LAGI INI TUH KUALIFIKASI PIALA DUNIA BUKAN PIALA KEMERDEKAAN","1846194823109530111","","","in","unmagnetism12@gmail.com","232","730","3437","https://x.com/unmagnetism/status/1846194823109530111","843269533930405888","unmagnetism"
"1788599422823383376","Thu May 09 15:58:27 +0000 2024","18803"," dukung timnas lagi gengs di kualifikasi piala dunia https://t.co/3BVaCwlrNn","1788599422823383376","https://pbs.twimg.com/media/GNJhsRwbYAEaNlH.jpg","","in","Indonesia","315","328","1433","https://x.com/tanyarlfes/status/1788599422823383376","1371650588","tanyarlfes"
"1846391836405125577","Wed Oct 16 03:24:52 +0000 2024","2928","Target Mees Hilgers bersama timnas Indonesia: Jangka pendeknya lolos Kualifikasi Piala Dunia. Jangka panjangnya menjaga standar Timnas Indonesia lolos ke Piala Dunia dan Piala Asia menjadi hal yang normal. [Via Skor Indonesia] https://t.co/9zk16iAAhI","1846391836405125577","https://pbs.twimg.com/media/GZ-zlyJa4AAIIfA.jpg","","in","","62","60","478","https://x.com/gilabola_ina/status/1846391836405125577","1170153265444442113","gilabola_ina"
"1846197092223799340","Tue Oct 15 14:31:02 +0000 2024","253","Pertandingan sisa yang akan timnas Indonesia mainkan di round 3 kualifikasi Piala Dunia 2026 ğŸ‡®ğŸ‡© ğŸ†š Jepang (15/11/24) ğŸ†š Arab Saudi (19/11/24) ğŸ†š Australia (20/3/25) ï¸ ğŸ†š Bahrain (25/3/25) ğŸ†š China (5/6/25) ğŸ†š Jepang (10/6/25) ï¸ Dari 6 pertandingan sisa kalian https://t.co/FB2FABoDUr","1846197092223799340","https://pbs.twimg.com/media/GZ8Cd_Bb0AAzNt9.jpg","","in","","9","51","66","https://x.com/gilabola_ina/status/1846197092223799340","1170153265444442113","gilabola_ina"
"1842739463317033004","Sun Oct 06 01:31:39 +0000 2024","3183","2 tim yang sempat 'mengejutkan' di round 3 kualifikasi Piala Dunia 2026. ğŸ‡§ğŸ‡­ Bahrain: Curi 3 poin dari markas Australia ğŸ‡®ğŸ‡© Indonesia: Nahan imbang Arab Saudi &amp; Australia Dan hari Kamis besok (10/10) keduanya akan saling berhadapan. https://t.co/C4lipFh3XO","1842739463317033004","https://pbs.twimg.com/media/GZK5xtBbAAEGSZs.jpg","","in","","13","54","226","https://x.com/gilabola_ina/status/1842739463317033004","1170153265444442113","gilabola_ina"
"1846078487498788892","Tue Oct 15 06:39:44 +0000 2024","383","ğŸ‡¯ğŸ‡µ Jepang di kualifikasi Piala Dunia 2026 9 Pertandingan 9 Kemenangan 38 Gol 0 Kebobolan Bang Jepang terlalu jago https://t.co/p4iJCwyezE","1846078487498788892","https://pbs.twimg.com/media/GZ6Wmf3b0AIW_Up.jpg","","in","","2","15","22","https://x.com/gilabola_ina/status/1846078487498788892","1170153265444442113","gilabola_ina"
"1846096716577276368","Tue Oct 15 07:52:10 +0000 2024","47","Lagu Kebangsaan Indonesia Raya jadi sering diputar &amp; dinyanyikan di dalam dan luar negeri seiring dg Timnas Indonesia yg terus berlaga di kualifikasi Piala Dunia 2026. Merinding yah ğŸ‡¨ğŸ‡³ TIONGKOK vs INDONESIA ğŸ‡®ğŸ‡© 15 Okt 2024 Kick Off 19:00 WIB ï¸ Qingdao Stadium #TimnasDay https://t.co/Wze7k40wzP","1846096716577276368","https://pbs.twimg.com/ext_tw_video_thumb/1846096626726903808/pu/img/-ZAleSVNN9scP-Me.jpg","","in","","1","2","9","https://x.com/GojekOnTwitt/status/1846096716577276368","1131251203357065216","GojekOnTwitt"
"1846008394014232763","Tue Oct 15 02:01:12 +0000 2024","6041","#ReachingTheSky ğŸ†š Tiongkok ï¸ Qingdao Youth Football Stadium â° MALAM INI | 19:00 WIB Kualifikasi Piala Dunia Putaran 3 â€£ #GarudaMendunia â€£ #TimnasDay https://t.co/TPE6ONpUo1","1846008394014232763","https://pbs.twimg.com/media/GZ5W17xacAASr24.jpg","","in","Indonesia","372","185","1662","https://x.com/TimnasIndonesia/status/1846008394014232763","1678973209172152320","TimnasIndonesia"
"1806330550858461666","Thu Jun 27 14:15:37 +0000 2024","4245","Jangan terlalu jumawa diketawain se-ASEAN nanti. Vietnam dan Thailand sebelum Indonesia saat ini udah pernah jadi wakil ASEAN di Round 3 Kualifikasi Piala Dunia ASIA. https://t.co/2YRazqPr8s","1806330550858461666","https://pbs.twimg.com/media/GRFf2VMb0AASebY.jpg","","in","Ngadi King of The South","76","297","514","https://x.com/MafiaWasit/status/1806330550858461666","2794327166","MafiaWasit"
"1844539637068595657","Fri Oct 11 00:44:54 +0000 2024","53","Coba kita cek klasemen Grup A-C. 2 tim teratas sudah memisahkan diri kecuali grup C artinya peluang kita untuk finish di peringkat 2 dan langsung lolos ke Piala Dunia terbuka lebar. Grup C lebih kompetitif memperebutkan tiket langsung. https://t.co/atA6E3gP6O","1844539637068595657","https://pbs.twimg.com/media/GZkfA6WaAAARyhh.jpg","","in","","2","10","8","https://x.com/bahaspemainbola/status/1844539637068595657","752990583858298880","bahaspemainbola"
"1846433843412091308","Wed Oct 16 06:11:48 +0000 2024","6","Klasemen sementara round 3 kualifikasi Piala Dunia 2026 zona Asia. Semua tim sudah mendapatkan poin semua tim masih punya peluang lolos. Sampai jumpa lagi di bulan November https://t.co/CDhESS5b2N","1846433843412091308","https://pbs.twimg.com/media/GZ_Zy7FawAA1d9V.jpg","","in","","0","1","1","https://x.com/gilabola_ina/status/1846433843412091308","1170153265444442113","gilabola_ina"
"1834570504746971153","Fri Sep 13 12:31:07 +0000 2024","7369","Rumput stadion home tim grup C round 3 kualifikasi Piala Dunia 2026. : ig/cctvbola24jam https://t.co/PfHwWvm0B3","1834570504746971153","https://pbs.twimg.com/media/GXW0JucbUAAPAVw.jpg","","in","","116","562","831","https://x.com/gilabola_ina/status/1834570504746971153","1170153265444442113","gilabola_ina"
"1845879814978523463","Mon Oct 14 17:30:17 +0000 2024","37","Random bgt malem-malem iseng cari di weibo tentang timnas Indonesia lah ada yg bahas panjang bgt tentang lawan pertama kali timnas China di kualifikasi piala dunia 1957 di Swedia adalah Indonesia. Lengkap pula ada foto dan cuplikan videonya. . https://t.co/dxNFGffzN4","1845879814978523463","https://pbs.twimg.com/media/GZ3h5yyb0AE0y7U.jpg","","in","","0","2","6","https://x.com/benerbet/status/1845879814978523463","989707302121828352","benerbet"
"1844971291067154960","Sat Oct 12 05:20:08 +0000 2024","22906","Tim yang belum terkalahkan di round 3 kualifikasi Piala Dunia 2026 zona Asia. ğŸ‡ºğŸ‡¿ Uzbekistan ğŸ‡®ğŸ‡· Iran ğŸ‡°ğŸ‡· Korea Selatan ğŸ‡®ğŸ‡¶ Irak ğŸ‡¯ğŸ‡µ Jepang ğŸ‡®ğŸ‡© Indonesia https://t.co/3u1tAEDFFZ","1844971291067154960","https://pbs.twimg.com/media/GZqnnGfaAAAvP3-.jpg","","in","","271","502","2801","https://x.com/gilabola_ina/status/1844971291067154960","1170153265444442113","gilabola_ina"
"1840901127090684249","Mon Sep 30 23:46:45 +0000 2024","13130","Tim yang belum merasakan kekalahan di round 3 kualifikasi Piala Dunia 2026 ğŸ‡ºğŸ‡¿ Uzbekistan ğŸ‡®ğŸ‡· Iran ğŸ‡¯ğŸ‡´ Yordania ğŸ‡°ğŸ‡· Korea Selatan ğŸ‡®ğŸ‡¶ Irak ğŸ‡°ğŸ‡¼ Kuwait ğŸ‡¯ğŸ‡µ Jepang ğŸ‡¸ğŸ‡¦ Arab Saudi ğŸ‡®ğŸ‡© Indonesia ğŸ‡²ğŸ‡¾ Malaysia https://t.co/GYQyf9sb9z","1840901127090684249","https://pbs.twimg.com/media/GYwx0KYbQAI7hTO.jpg","","in","","72","475","851","https://x.com/gilabola_ina/status/1840901127090684249","1170153265444442113","gilabola_ina"
"1845764150451998813","Mon Oct 14 09:50:40 +0000 2024","271","Minfren mau bagi-bagi hadiah buat Teman smartfren! Ayo pecinta bola coba tebak skor pertandingan sengit kualifikasi piala dunia road 3: ğŸ‡¨ğŸ‡³ vs ğŸ‡®ğŸ‡©â€¼ï¸ Caranya cukup reply tweet ini dengan format smartfren tebak [skor] buat [tim]! https://t.co/mrhq46KXh9","1845764150451998813","https://pbs.twimg.com/media/GZ14sSBawAArG87.jpg","","in","Indonesia","5","403","171","https://x.com/smartfrenworld/status/1845764150451998813","64924675","smartfrenworld"
"1846171491597238490","Tue Oct 15 12:49:18 +0000 2024","4082","#KualifikasiPialaDunia HT : China 2-0 Indonesia Behram Abduweli 21' Zhang Yuning 44' Gimana ki? #Blibli @bliblidotcom https://t.co/gSIXCiWe4y","1846171491597238490","https://pbs.twimg.com/media/GZ7rMAtaEAAEqi-.jpg","","in","","573","1639","351","https://x.com/idextratime/status/1846171491597238490","1222927522033094656","idextratime"
"1845339897584025890","Sun Oct 13 05:44:50 +0000 2024","4773","Pertandingan sisa yang akan timnas Indonesia mainkan di round 3 kualifikasi Piala Dunia 2026 ğŸ‡®ğŸ‡© ğŸ†š China (12/10/24) ï¸ ğŸ†š Jepang (15/11/24) ğŸ†š Arab Saudi (19/11/24) ğŸ†š Australia (20/3/25) ï¸ ğŸ†š Bahrain (25/3/25) ğŸ†š China (5/6/25) ğŸ†š Jepang (10/6/25) ï¸ Dari 7 https://t.co/AukJBdOkMp","1845339897584025890","https://pbs.twimg.com/media/GZv223_aMAA1whb.jpg","","in","","51","221","577","https://x.com/gilabola_ina/status/1845339897584025890","1170153265444442113","gilabola_ina"
"1833515844992963053","Tue Sep 10 14:40:17 +0000 2024","13659","ğŸ‡®ğŸ‡© Melihat potensi Rizky Ridho di Timnas hingga hari ini. Berharap doi bermain abroad di luar negeri. Selalu menjadi starter di dua laga awal Kualifikasi Piala Dunia 2026 R3. Cara bermain yang improve pengambilan keputusan yang tepat kokoh di lini pertahanan. Keep on going https://t.co/K9fC4XlpxP","1833515844992963053","https://pbs.twimg.com/media/GXH08PVbEAAR4A5.jpg","","in","Terperangkap Offside","112","316","1706","https://x.com/FaktaSepakbola/status/1833515844992963053","1316071146","FaktaSepakbola"
"1846189756109279347","Tue Oct 15 14:01:53 +0000 2024","36","Timnas Indonesia ğŸ‡®ğŸ‡© di Ronde 3 Kualifikasi Piala Dunia 2026 Zona Asia: 0 MENANG 3 SERI 1 KALAH Garuda mengalami kekalahan perdana di Qingdao Tiongkok. https://t.co/eQ1P6d6qjb","1846189756109279347","https://pbs.twimg.com/media/GZ74xwzb0AEbule.jpg","","in","","0","1","9","https://x.com/fantasista_id/status/1846189756109279347","1339952806803820544","fantasista_id"
"1846197776281170306","Tue Oct 15 14:33:45 +0000 2024","77","KALENDER TIMNAS INDONESIA DI TAHUN 2024 [OKTOBER] Timnas U17 | Kualifikasi Piala Asia U17 2025 23/10: ğŸ‡°ğŸ‡¼ Kuwait vs Indonesia ğŸ‡®ğŸ‡© 25/10: ğŸ‡²ğŸ‡µ Mariana Island vs Indonesia ğŸ‡®ğŸ‡© 27/10: ğŸ‡¦ğŸ‡º Australia vs Indonesia ğŸ‡®ğŸ‡© [NOVEMBER] Timnas Senior | R3 Kualifikasi Piala Dunia 2026 https://t.co/mQlOxtAtYq","1846197776281170306","https://pbs.twimg.com/media/GZ8DF_kb0AEcIEb.jpg","","in","","2","10","33","https://x.com/gilabola_ina/status/1846197776281170306","1170153265444442113","gilabola_ina"
"1841311546536087589","Wed Oct 02 02:57:37 +0000 2024","10966","ï¸ RESMI: 27 PEMAIN TIMNAS INDONESIA UNTUK KUALIFIKASI PIALA DUNIA ZONA ASIA RONDE KETIGA MATCHDAY 3 &amp; 4!!! ğŸ‡®ğŸ‡©ğŸ‡®ğŸ‡©ğŸ‡®ğŸ‡© Bahrain vs INDONESIA 10/10/2024 - 23.00 WIB China vs INDONESIA 15/10/2024 - 19.00 WIB BISMILLAH 6 POIN! https://t.co/Y8MnSlNVBP","1841311546536087589","https://pbs.twimg.com/media/GY2nFxzboAAnC4R.jpg","","in","","246","401","1448","https://x.com/idextratime/status/1841311546536087589","1222927522033094656","idextratime"
"1802196067443953947","Sun Jun 16 04:26:40 +0000 2024","8623","Kompetisi antar Kecamatan dikasih lapangan seMUlus ini sedangkan Kualifikasi Piala Dunia malah dikasih lapangan nggronjal kayak GBK.. https://t.co/nruu5tpVjq","1802196067443953947","https://pbs.twimg.com/amplify_video_thumb/1802195988200984576/img/6qgrQyVeo668Yzze.jpg","","in","Ngadi King of The South","140","343","1298","https://x.com/MafiaWasit/status/1802196067443953947","2794327166","MafiaWasit"
"1818233075245121810","Tue Jul 30 10:32:00 +0000 2024","8028","Kabarnya China akan memilih stadion yang jaraknya hampir 7 jam dari Bandara Beijing untuk menjamu Indonesia di kualifikasi Piala Dunia nanti. Ketum PSSI Pak Erick Thohir berencana akan mengerjai balik kalau memang negara lain akan mengerjai Indonesia. Jadi kita juga nanti https://t.co/gQF8IiIHmo","1818233075245121810","https://pbs.twimg.com/media/GTupV4abcAALScr.jpg","","in","","240","1003","589","https://x.com/gilabola_ina/status/1818233075245121810","1170153265444442113","gilabola_ina"
"1802663699842584995","Mon Jun 17 11:24:52 +0000 2024","10344"," Kevin Diks (27/RB-CB-LB) dan Ole Romeny (23/ST-RW-LW) sedang diupayakan untuk bisa bermain bersama timnas Indonesia dalam kualifikasi Piala Dunia ronde ketiga. ğŸ‡®ğŸ‡© Bung Ropan (Youtube) https://t.co/rSQGMB6OUY","1802663699842584995","https://pbs.twimg.com/media/GQRZE-RaEAAWANB.jpg","","in","","188","343","643","https://x.com/idextratime/status/1802663699842584995","1222927522033094656","idextratime"
"1844953386166387113","Sat Oct 12 04:08:59 +0000 2024","15","Kualifikasi Piala Dunia 2002 Indonesia 1 group dgn China 2 match terakhir tinggal away &amp; home 4 match home-away lawan Maladewa &amp; Kamboja sdh dilakukan dgn hasil menang semua total selisih gol 15-0. China memakai Kota Kunming didaerah pegunungan utk menjamu indo hasil 5-1 :( https://t.co/DPKJoP1SP7","1844953386166387113","https://pbs.twimg.com/media/GZqXJObaEAA4-A7.jpg","","in","Babylon, CandrabhÄgÄ","1","2","7","https://x.com/Mah5Utari/status/1844953386166387113","83767750","Mah5Utari"
"1844655831859724413","Fri Oct 11 08:26:37 +0000 2024","1186","Kontroversi kepemimpinan wasit Ahmed Al Kaf pada laga antara Timnas Indonesia melawan Bahrain dalam Kualifikasi Piala Dunia 2026 terus memanas. Laga kontroversial itu berakhir dengan skor 2-2 namun keputusan wasit asal Oman tersebut menuai kritik tajam dari berbagai pihak. https://t.co/babfO1mZAn","1844655831859724413","https://pbs.twimg.com/media/GZmItCcaUAAodYB.jpg","","in","","21","109","251","https://x.com/inilahdotcom/status/1844655831859724413","46693036","inilahdotcom"
"1775353721679184257","Wed Apr 03 02:44:46 +0000 2024","3720","WAHYU PRASETYO ğŸ‡®ğŸ‡© Mendapat panggilan Timnas Indonesia saat menghadapi Vietnam di Kualifikasi Piala Dunia 2026 bek andalan PSIS Semarang ini mengaku banyak mendapat pelajaran dari pemain abroad. Menurutnya ada banyak pelajaran penting yang bisa diambil dari Jay Idzes dan https://t.co/vtMDhtH5j4","1775353721679184257","https://pbs.twimg.com/media/GKNSzGva8AAGXyC.jpg","","in","Indonesia","95","275","469","https://x.com/indosupporter/status/1775353721679184257","110109093","indosupporter"
"1843973682370347496","Wed Oct 09 11:15:59 +0000 2024","3048","ï¸ ROBERTO MANCINI: Banyak negara-negara menganggap rendah timnas indonesia di grup C kualifikasi piala dunia karena timnas indonesia berada di peringkat 134 dunia. Padahal mereka tidak sadar timnas indonesialah yang akan menjadi tim neraka dalam grup C ini #ESES #TimnasDay https://t.co/XccJRVswDc","1843973682370347496","https://pbs.twimg.com/media/GZccSs5boAEcy6g.jpg","","in","Makassar-Indonesia","20","70","296","https://x.com/esescorporation/status/1843973682370347496","762623337902116864","esescorporation"
"1844204011081302402","Thu Oct 10 02:31:14 +0000 2024","10","Jadual Kelayakan Piala Dunia (Zon Asia) https://t.co/Vmi8XHzCHu #WCQ | #AsianQualifiers https://t.co/n9VWKQAakD","1844204011081302402","https://pbs.twimg.com/media/GZftw1QagAEuJTN.jpg","","in","Malaysia","0","5","2","https://x.com/BBST15/status/1844204011081302402","883817172","BBST15"
"1846190803561205858","Tue Oct 15 14:06:02 +0000 2024","891","ğŸ‡®ğŸ‡© Timnas Indonesia alami kekalahan perdana di Ronde 3 Kualifikasi Piala Dunia 2026! Comeback Stronger Indonesiaku!ğŸ‡®ğŸ‡© https://t.co/l8k85ar29o","1846190803561205858","https://pbs.twimg.com/media/GZ78vu7bAAAep3J.jpg","","in","Terperangkap Offside","0","31","79","https://x.com/FaktaSepakbola/status/1846190803561205858","1316071146","FaktaSepakbola"
"1846207076936405230","Tue Oct 15 15:10:42 +0000 2024","30","Meski baru saja kalah 2-1 dari China Timnas Indonesia patut dapat apresiasi atas perjuangannya. Termasuk pemain2 berdarah Indonesia yg hidup di luar negeri &amp; mau dinaturalisasi. Saatnya siapkan tim yg lebih bagus demi lolos kualifikasi Piala Dunia berikutnya. #TimnasDay https://t.co/l10DUquSat","1846207076936405230","https://pbs.twimg.com/media/GZ8LjIla4AAPsMs.jpg","","in","Indonesia","1","0","5","https://x.com/ilhamkhoiri/status/1846207076936405230","127800170","ilhamkhoiri"
"1846088572321124392","Tue Oct 15 07:19:48 +0000 2024","21","Kurniawan Dwi Yulianto di Kualifikasi Piala Dunia 2002 pada 13 Mei 2001 Indonesia unggul 1-0 hingga babak 45 menit pertama. Sebelum diberondong 5 gol di babak-2. #TimnasDay https://t.co/prfyLprvlM","1846088572321124392","https://pbs.twimg.com/media/GZ6CUTdaIAAhOmg.jpg","","in","","0","2","3","https://x.com/IDSPORTTV12/status/1846088572321124392","1781228001482756096","IDSPORTTV12"
"1844639531112464777","Fri Oct 11 07:21:50 +0000 2024","423","Happy Birthday Coach STY seharusnya kemenangan timnas pertama di babak kualifikasi round 3 piala dunia bisa jadi kado terindah di hari jadinya yang ke 54 Tahun tapi semuanya sirna karena keputusan wasit . Semangat coach masih ada pertandingan selanjutnya semoga timnas https://t.co/TkfTFNLHMu","1844639531112464777","https://pbs.twimg.com/media/GZl53zhaAAAjyPz.jpg","","in","ëŒ€ì „","2","34","29","https://x.com/kegblgnunfaedh/status/1844639531112464777","1172167188800655360","kegblgnunfaedh"
"1843966641174126711","Wed Oct 09 10:48:01 +0000 2024","26","Jadwal Match day 3 Kualifikasi Piala Dunia 2026 Zona Asia. #TimnasDay https://t.co/IDRcuNuD49","1843966641174126711","https://pbs.twimg.com/media/GZcV4Q-aoAAQvzY.jpg","","in","","0","0","6","https://x.com/timnasnyaET/status/1843966641174126711","1206461981760163840","timnasnyaET"
"1846000767712563232","Tue Oct 15 01:30:54 +0000 2024","30","MALAM INI!! Mau nonton bareng laga Indonesia vs Cina di babak kualifikasi Piala Dunia 2026 zona Asia? ï¸ï¸ ï¸: Selasa 15 Oktober 2024 â°: 17.00 WIB - selesai : Jalan Kalimas Timur https://t.co/pbj5Y948cQ","1846000767712563232","https://pbs.twimg.com/media/GZ5P548b0AEuyuO.jpg","","in","Kota Surabaya, Jawa Timur","6","10","4","https://x.com/BanggaSurabaya/status/1846000767712563232","3178160455","BanggaSurabaya"
"1846189358912581999","Tue Oct 15 14:00:18 +0000 2024","13447","#KualifikasiPialaDunia FT : China 2-1 Indonesia Behram Abduweli 21' Zhang Yuning 44' - Thom Haye 86' Kekalahan perdana Garuda.. #Blibli @bliblidotcom https://t.co/Q9HFK7cjRi","1846189358912581999","https://pbs.twimg.com/media/GZ77cBnaAAAjZga.jpg","","in","","1205","2697","1798","https://x.com/idextratime/status/1846189358912581999","1222927522033094656","idextratime"
"1843180204807835826","Mon Oct 07 06:43:00 +0000 2024","14961","Yang lagi ramai ges! Apakah ini beneran adanya? Disaat timanas sebentar lagi akan melalui laga lawan Bahrain buat kualifikasi piala dunia ada aja isu seperti ini muncul. Mungkin juga si Rachel ini udah gedeg disalahin mulu tiba2 boom keluar.. https://t.co/6aSIOdp0vV","1843180204807835826","https://pbs.twimg.com/media/GZRKn7aaEAAyoTC.jpg","","in","","183","542","896","https://x.com/belanjaholics/status/1843180204807835826","1641507058704056320","belanjaholics"
"1841303777946882449","Wed Oct 02 02:26:45 +0000 2024","13580","OFFICIAL: Shin Tae Yong resmi memanggil 27 pemain untuk lanjutan kualifikasi Piala Dunia Round-3. Hubner out Hilgers &amp; Eliano IN. Elkan gak jadi dipanggil damn.. #utdfocusid https://t.co/46CIIXQYoc","1841303777946882449","https://pbs.twimg.com/media/GY2gALlacAARJMV.jpg","","in","Indonesia","313","365","1554","https://x.com/utdfocusid/status/1841303777946882449","1345281599605075969","utdfocusid"
"1844270675466518800","Thu Oct 10 06:56:08 +0000 2024","203","Laga ke-3 Timnas Indonesia di Kualifikasi Piala Dunia Sambil menunggu yuk main KuisAlfamart Tebak Skor kira-kira berapa skor dari pertandingan Bahrain vs Indonesia vs ? Langsung aja komen jawabanmu dengan hashtag #TebakSkorAlfamart lalu follow dan like 5 postingan sebelumnya https://t.co/mXaioenFFn","1844270675466518800","https://pbs.twimg.com/media/GZgqZ64bAAAlYXv.jpg","","in","","1","200","104","https://x.com/alfamart/status/1844270675466518800","103806878","alfamart"
"1846038291604205857","Tue Oct 15 04:00:01 +0000 2024","1492"," Salam hangat dari kedua bianconero kita untuk Timnas Indonesia yang akan menghadapi China pada Kualifikasi Piala Dunia 2026 Putaran 3Â malam ini! Selamat berjuang PasukanÂ Garuda! ğŸ‡®ğŸ‡© #TimnasDay #JuventusIndonesia https://t.co/3jngAAfqCi","1846038291604205857","https://pbs.twimg.com/ext_tw_video_thumb/1845844791772495873/pu/img/YyDtsLvP-c2-ifeB.jpg","","in","Allianz Stadium","19","42","311","https://x.com/juventusfcid/status/1846038291604205857","1309959812","juventusfcid"
"1554101986395508736","Mon Aug 01 13:49:22 +0000 2022","438","Berikut gambaran perjalanan Kualifikasi FIFA WORLD CUP 2026 + AFC ASIAN CUP 2027. DIMULAI OKTOBER 2023 untuk round 1 namun jika Timnas Indonesia masuk 25 besar Rank FIFA zona ASIA baru akan main di Round 2 NOVEMBER 2023. https://t.co/NP8W4UcbBV","1554101986395508736","https://pbs.twimg.com/media/FZFHhRwVUAIZb5F.jpg","","in","DKI Jakarta, Indonesia","7","20","71","https://x.com/UpdateBolabola/status/1554101986395508736","1089010123","UpdateBolabola"
"1844640359181320616","Fri Oct 11 07:25:08 +0000 2024","10632","ğŸ‡®ğŸ‡©ğŸ‡°ğŸ‡· Selamat Ulang Tahun yang ke 54 tahun untuk Shin Tae-yong Statistik STY bersama Timnas Indonesia (Senior): 50 pertandingan 24 Menang 13 Seri 13 Kalah Pelatih Timnas Indonesia pertama dalam sejarah yang mampu membawa Indonesia ke R3 Kualifikasi Piala Dunia! https://t.co/5kiFWlksRH","1844640359181320616","https://pbs.twimg.com/media/GZl6oE9bIAAAAHR.jpg","","in","Terperangkap Offside","42","61","1998","https://x.com/FaktaSepakbola/status/1844640359181320616","1316071146","FaktaSepakbola"
"1846191839482917332","Tue Oct 15 14:10:09 +0000 2024","170","Klasemen sementara grup C round 3 kualifikasi Piala Dunia 2026. Kekalahan atas China membuat Indonesia masih tertahan di posisi 5. Next match timnas Indonesia ğŸ‡®ğŸ‡© ğŸ†š Jepang (15/11) | ğŸ†š Arab Saudi (19/11) | Masih pada optimis? https://t.co/2aBXbfQQRZ","1846191839482917332","https://pbs.twimg.com/media/GZ79sLwb0AIqpCv.jpg","","in","","11","47","33","https://x.com/gilabola_ina/status/1846191839482917332","1170153265444442113","gilabola_ina"
"1800537127064940570","Tue Jun 11 14:34:38 +0000 2024","12672","Alhamdulillah Indonesia berhasil lolos ke babak ketiga Kualifikasi Piala Dunia 2026 zona Asia. Kemenangan atas Filipina sekaligus mengamankan tiket ke putaran final Piala Asia 2027. Terima kasih untuk seluruh pemain ofisial dan masyarakat Indonesia untuk doa dan dukungannya. https://t.co/MEHEsDP8te","1800537127064940570","https://pbs.twimg.com/media/GPzK-G4a4AESy3V.jpg","","in","Indonesia","149","838","2092","https://x.com/erickthohir/status/1800537127064940570","43088704","erickthohir"
"1846206358754152498","Tue Oct 15 15:07:51 +0000 2024","5","STY ini bukan pelatih kemarin sore. Sangat gak logis kalau dia dibilang eksperimen taktik di laga kualifikasi piala dunia dan match tandang. Setiap keputusan taktikal diambil dgn dasar teknikal saat training pasti punya risk dan kelemahannya. Ya emang harus diakui malam ini","1846206358754152498","","","in","Indonesia","1","0","2","https://x.com/adriantopriyo/status/1846206358754152498","296750908","adriantopriyo"
"1844195620749517094","Thu Oct 10 01:57:54 +0000 2024","128","Bismillah Doa2 terbaik buat timnas kita yg malam ini (10/10) akan berjuang melawan Bahrain. Nobar pukul 23:00 WIB Kualifikasi Piala Dunia Putaran 3. Negeri penuh asa Rakyat terus berjuang Garuda mengangkasa Indonesiaku terbang #IndonesiakuTerbang https://t.co/5dU32HCY7z","1844195620749517094","https://pbs.twimg.com/media/GZfmIgoaAAEAvuD.jpg","","in","Jakarta to the World","7","112","90","https://x.com/MardaniAliSera/status/1844195620749517094","122020937","MardaniAliSera"
"1841796788883488902","Thu Oct 03 11:05:48 +0000 2024","2179","Time ni umur arif baru 18-19 asnawi dah 22. Sekarang Asnawi dah 24 tahun berani abroad main di round Kualifikasi Piala Dunia 2026 bukan di Pestabola Merdeka. Beza level bro @RooneywazzaMY https://t.co/WKjXLDohau","1841796788883488902","https://pbs.twimg.com/media/GY9gacUbAAEGYEj.jpg","","in","","10","145","159","https://x.com/gilabola_ina/status/1841796788883488902","1170153265444442113","gilabola_ina"
"1196804587362996224","Tue Nov 19 14:57:03 +0000 2019","238","Kedudukan terkini World Cup - Asia Cup Qualifier Vietnam ğŸ‡»ğŸ‡³ 11 pts MALAYSIA ğŸ‡²ğŸ‡¾ 9 pts Thailand ğŸ‡¹ğŸ‡­ 8 pts UAE ğŸ‡¦ğŸ‡ª 6 pts Indonesia ğŸ‡®ğŸ‡© 0 pts Nak rival pabenda skor 3 bolos 16. Huhu. https://t.co/fpmQnF8Yjz","1196804587362996224","https://pbs.twimg.com/media/EJvnbUqU0AAcvAM.png","","in","Gampang, UB","8","6","307","https://x.com/daudghani83/status/1196804587362996224","712113290","daudghani83"
"1806230030814753085","Thu Jun 27 07:36:12 +0000 2024","912","Sah! Round 3 kelayakan WCQ terbahagi kepada tiga kumpulan. Hanya 8 slot asia sahaja yang akan layak ke Piala Dunia + 1 akan bermain playoff. Indonesia satu satunya wakil asia tenggara dan admin anggap mereka king asean. Ramalan admin indonesia layak ke WCQ menerusi playoff. https://t.co/r7wTNO2bYq","1806230030814753085","https://pbs.twimg.com/media/GREEov6bgAA5rnr.jpg","","in","","41","80","183","https://x.com/OnefootballM/status/1806230030814753085","1413779245097127940","OnefootballM"
"1788597114752356512","Thu May 09 15:49:17 +0000 2024","13025","ğŸ‡®ğŸ‡©SAVE THE DATE MATCH TIMNAS INDONESIA! KUALIFIKASI PIALA DUNIA R2! ğŸ‡®ğŸ‡© Indonesia vs Irak ğŸ‡®ğŸ‡¶ ï¸ Kamis 6 Juni 2024 â° K.O 19.30 WIB ï¸ Stadion Utama Gelora Bung Karno ğŸ‡®ğŸ‡© Indonesia vs Filipina ğŸ‡µğŸ‡­ ï¸ Selasa 11 Juni 2024 â° K.O 19.30 WIB ï¸ Stadion Utama Gelora Bung Karno https://t.co/kM6K6Cp2vP","1788597114752356512","https://pbs.twimg.com/media/GNJflh9bwAAI1GK.jpg","","in","Terperangkap Offside","480","378","2762","https://x.com/FaktaSepakbola/status/1788597114752356512","1316071146","FaktaSepakbola"
"1772624675258179843","Tue Mar 26 14:00:31 +0000 2024","6741","Indonesia kini ada di peringkat 2 Grup F kualifikasi ronde 2 Piala Dunia 2026! Tersisa 2 pertandingan lagi bagi Timnas Indonesia: vs Irak (H) 6 Juni 2024. vs Filipina (H) 11 Juni 2024. Bisa menang lawan Filipina Indonesia lolos ke ronde 3 kualifikasi &amp; auto lolos Piala https://t.co/ZLAJ2YGS1C","1772624675258179843","https://pbs.twimg.com/media/GJmgvvia4AAMJSV.jpg","","in","Terperangkap Offside","96","289","748","https://x.com/FaktaSepakbola/status/1772624675258179843","1316071146","FaktaSepakbola"
"1843302650928128310","Mon Oct 07 14:49:33 +0000 2024","42","Kapten Timnas Indonesia Jay Idzes menyampaikan sebuah pesan untuk suporter skuad Garuda jelang melawan Bahrain di Kualifikasi Piala Dunia 2026 Zona Asia. #jayidzes #kapten #timnasindonesia #timnasday #suporter #bahrain #kualifikasipialadunia2026 #infobola #beritabola https://t.co/VFpCWioPXX","1843302650928128310","https://pbs.twimg.com/media/GZS59zDbEAAy70X.jpg","","in","","0","4","1","https://x.com/turunminum_id/status/1843302650928128310","1639038819143155712","turunminum_id"
"1846147176143245610","Tue Oct 15 11:12:41 +0000 2024","5"," Kualifikasi Piala Dunia 2026 Duel Seru : China vs Indonesia Tanggal : Selasa 15 Oktober 2024 Kick-off : 19:00 WIB Stadiun : Qingdao Youth Football Stadium LINE UP STARTING @TimnasIndonesia https://t.co/0a7i6mIvAS","1846147176143245610","https://pbs.twimg.com/media/GZ7VEG3b0AEyGdH.jpg","","in","","0","1","0","https://x.com/garudatixxx/status/1846147176143245610","1798636638496804864","garudatixxx"
"1459651109375541250","Sat Nov 13 22:35:18 +0000 2021","715","Negara-negara yang telah lolos ke Piala Dunia 2022 sejauh ini : Qatar ğŸ‡¶ğŸ‡¦ Jerman ğŸ‡©ğŸ‡ª Denmark ğŸ‡©ğŸ‡° Brazil ğŸ‡§ğŸ‡· Prancis ğŸ‡«ğŸ‡· Belgia ğŸ‡§ğŸ‡ª 26 tiket lagi.. ï¸ https://t.co/nk6G5McK30","1459651109375541250","https://pbs.twimg.com/media/FEG48ptVQAUJJc6.jpg","","in","","7","51","75","https://x.com/idextratime/status/1459651109375541250","1222927522033094656","idextratime"
"1844457668636991832","Thu Oct 10 19:19:11 +0000 2024","4506","Terima kasih atas perjuangannya hingga detik ini Timnas Indonesia!ğŸ‡®ğŸ‡© Sejauh ini Indonesia (3 Match 3 Draw) &amp; Jepang masih tak terkalahkan di R3 Kualifikasi Piala Dunia. Perjalanan masih panjang. Ayo tetap berjuang dan berikan yang terbaik untuk bangsa kita!ğŸ‡®ğŸ‡© https://t.co/cnfXMPTskH","1844457668636991832","https://pbs.twimg.com/media/GZjUd-wbgAAxLcM.jpg","","in","Terperangkap Offside","15","41","674","https://x.com/FaktaSepakbola/status/1844457668636991832","1316071146","FaktaSepakbola"
"1800765158207393868","Wed Jun 12 05:40:44 +0000 2024","6621","Netizen &amp; fans bola di India saat ini sedang marah &amp; protes terkait keputusan wasit di laga kualifikasi Piala Dunia vs Qatar. Tepatnya saat gol penyama kedudukan 1-1 dari Qatar di menit 73'. Pemain India protes karena wasit mengesahkan gol tersebut padahal sebelum gol itu https://t.co/LreL5FIz4P","1800765158207393868","https://pbs.twimg.com/media/GP2aW2nawAAGnvC.jpg","","in","Terperangkap Offside","117","295","605","https://x.com/FaktaSepakbola/status/1800765158207393868","1316071146","FaktaSepakbola"
"1844300186543325684","Thu Oct 10 08:53:24 +0000 2024","56","Hai Sobat Informasi! Siap-siap dukung Timnas Indonesia di Kualifikasi Piala Dunia 2026! ğŸ‡®ğŸ‡© Yuk catat jadwal pertandingannya dan beri semangat penuh untuk Garuda terbang tinggi! #TimnasDay #PialaDunia2026 #infosemarang #beritasemarang #ppidkotasemarang #hakandauntuktahu https://t.co/5aCBn7z4Xv","1844300186543325684","https://pbs.twimg.com/media/GZhFPpLaAAUsyZE.jpg","","in","Jl. Pemuda No.148","0","1","11","https://x.com/ppidkotasmg/status/1844300186543325684","1046795982732546048","ppidkotasmg"
"1806236315257852359","Thu Jun 27 08:01:10 +0000 2024","4319","Realistis.. Enggak usah bicara soal potensi lolos ke Kualifikasi R4 (3-4) apalagi langsung lolos Piala Dunia 2026 (1-2) Timnas Indonesia bisa dapat lebih dari 7poin udah sebuah pencapaian luar biasa banget! Satu-satunya negara ASEAN di Kualifikasi R3! HERE WE GO ğŸ‡®ğŸ‡©ğŸ‡®ğŸ‡©ğŸ‡®ğŸ‡©ğŸ‡®ğŸ‡©ğŸ‡®ğŸ‡© https://t.co/pbNMacaBre","1806236315257852359","https://pbs.twimg.com/media/GREJ0O2bYAAEnYc.jpg","","in","Indonesia","39","196","754","https://x.com/Indostransfer/status/1806236315257852359","811427632336146433","Indostransfer"
"1845789171073568991","Mon Oct 14 11:30:06 +0000 2024","1611","Enam negara yang belum terkalahkan di Putaran Ketiga Kualifikasi Piala Dunia 2026 Zona Asia. Selain Indonesia siapa saja negara-negara tersebut? Mari kita bahas perjalanan mereka sejauh ini. Apresiasi untuk Coach STY &amp; para penggawa timnas!ğŸ‡®ğŸ‡© Sebuah utas~ https://t.co/bRdFLgDzrH","1845789171073568991","https://pbs.twimg.com/media/GZ2PdibbEAAla8i.jpg","","in","Sleman, DIY","5","12","99","https://x.com/FandomID_/status/1845789171073568991","1175357460468490251","FandomID_"
